sha256	patch	kind	dir	file	marker	label	note
3d0841afddf3917357703f377f8c1acad29c7093a42daee805880920169e1446	lvgl_sdl_window.patch	+	LVGL_DIR	src/drivers/sdl/lv_sdl_window.c	#include <android/log.h>	LVGL SDL window patch	
c8791806e64a203ec99950b37bc6c3e1a6a3a7bad9284b3eebf2bec5b43635f2	lvgl_sdl_sw_android_debug.patch	+	LVGL_DIR	src/drivers/sdl/lv_sdl_sw.c	lv_display_set_buffers(display, ddata->buf1, ddata->buf2, buffer_size_bytes, sdl_render_mode());	LVGL SDL SW android debug + blendmode fix patch	
19a336a288b1f6a03d4d1f3baec6d9d0e70bef7559f9ef903ff6280110606695	lvgl_theme_breakpoints.patch	+	LVGL_DIR	src/themes/default/lv_theme_default.c	#define PAD_DEF     LV_DPX_CALC(theme->disp_dpi, theme->disp_size == DISP_LARGE ? 20 : theme->disp_size == DISP_MEDIUM ? 16 : 12)	LVGL theme breakpoints patch	
fdc6ce0f593aedde2aad55dc51e31c98ba3bb71c487ba6ab9fe0362476f53ce5	lvgl_fbdev_stride_bpp.patch	+	LVGL_DIR	src/drivers/display/fb/lv_linux_fbdev.c	/* AD5M and some other devices report incorrect bits_per_pixel via VSCREENINFO.	LVGL fbdev stride bpp detection patch	
996adfbb83a901e73524f3b64956a8428b880a71b591f7894b8395aa5d7eaefc	lvgl_fbdev_skip_unblank.patch	+	LVGL_DIR	src/drivers/display/fb/lv_linux_fbdev.c	bool skip_unblank;	LVGL fbdev skip-unblank patch	
996adfbb83a901e73524f3b64956a8428b880a71b591f7894b8395aa5d7eaefc	lvgl_fbdev_skip_unblank.patch	+	LVGL_DIR	src/drivers/display/fb/lv_linux_fbdev.h	* Skip the FBIOBLANK unblank ioctl in lv_linux_fbdev_set_file().	LVGL fbdev skip-unblank patch	
9048a46097837ee598a075499f4c1770d618ff918b063698cd07d4e8bddd02b8	lvgl-fbdev-bgr-swap.patch	+	LVGL_DIR	src/drivers/display/fb/lv_linux_fbdev.c	bool swap_rb;	LVGL fbdev BGR swap patch	
9048a46097837ee598a075499f4c1770d618ff918b063698cd07d4e8bddd02b8	lvgl-fbdev-bgr-swap.patch	+	LVGL_DIR	src/drivers/display/fb/lv_linux_fbdev.h	* Enable red/blue channel swap in the flush callback.	LVGL fbdev BGR swap patch	
d774eea038f0043f7f78d04aa20eb989d367e3d1f3a73a32011eaeb50d50d23d	lvgl-fbdev-buffer-align.patch	+	LVGL_DIR	src/drivers/display/fb/lv_linux_fbdev.c	/* Over-allocate to guarantee LV_DRAW_BUF_ALIGN alignment.	LVGL fbdev buffer alignment patch	
b66fb788c2daf7ded7ae456a628d5d953290d80b0f7f386de816582f0089f8db	lvgl_observer_debug.patch	+	LVGL_DIR	src/core/lv_observer.c	LV_LOG_WARN("Subject type is not LV_SUBJECT_TYPE_INT (ptr=%p, type=%d)", (void*)subject, subject->type);	LVGL observer debug info patch	
3f11e280fce4723d4c3c0108cb63d111bd696826f3bd7543c461884c271d8f12	lvgl_observer_remove_null_guard.patch	+	LVGL_DIR	src/core/lv_observer.c	/*Subject may have been freed already (e.g. XML component scope teardown	LVGL observer remove NULL guard patch	
aace8280373e429104930657de20338d8b506ef6fb7b5a7e8fd95bbea0bbf972	lvgl_observer_null_guards.patch	+	LVGL_DIR	src/core/lv_observer.c	/* Telemetry hook provided by helix_lvgl_anomaly.cpp — reports LVGL anomalies	LVGL observer subject NULL guards patch	
d9775142fc0d336d5d83afc2983ae0ec8f06a6078f361a80839015d2b781812e	lvgl_slider_scroll_chain.patch	+	LVGL_DIR	src/widgets/slider/lv_slider.c	/* Block perpendicular scroll chain while dragging (better touchscreen UX) */	LVGL slider scroll chain patch	
1b2b63ae2a173f16d30ef1314aa876c54022d6219a515a91a1f312c12a26dd37	lvgl-strdup-null-guard.patch	+	LVGL_DIR	src/stdlib/builtin/lv_string_builtin.c	if(src == NULL) return NULL;	LVGL strdup NULL guard patch	
1b2b63ae2a173f16d30ef1314aa876c54022d6219a515a91a1f312c12a26dd37	lvgl-strdup-null-guard.patch	+	LVGL_DIR	src/stdlib/clib/lv_string_clib.c	if(src == NULL) return NULL;	LVGL strdup NULL guard patch	
c30bdec885f77241e055143c08dedab584a8e95092579b71a3532cc80c2f2d83	lvgl_blend_null_guard.patch	+	LVGL_DIR	src/draw/sw/blend/lv_draw_sw_blend.c	if(layer == NULL || layer->draw_buf == NULL) {	LVGL blend NULL guard patch	
addca844e4a373b57b34061cd9ad53d5ac8a1d8557bd746c38ca81898dd58f0b	lvgl_blend_buf_bounds_clip.patch	+	LVGL_DIR	src/draw/sw/blend/lv_draw_sw_blend.c	/*Clip blend_area to the layer's actual buffer bounds.	LVGL blend buffer bounds clip patch	
0242b29773037724650322be6fd98d0e4b9bb061502798f16d5a232d63fda70e	lvgl_blend_color_null_guard.patch	+	LVGL_DIR	src/draw/sw/blend/lv_draw_sw_blend_to_a8.c	if(dsc->dest_buf == NULL || dsc->dest_w <= 0 || dsc->dest_h <= 0) {	LVGL blend color NULL guard patch	
0242b29773037724650322be6fd98d0e4b9bb061502798f16d5a232d63fda70e	lvgl_blend_color_null_guard.patch	+	LVGL_DIR	src/draw/sw/blend/lv_draw_sw_blend_to_al88.c	if(dsc->dest_buf == NULL || dsc->dest_w <= 0 || dsc->dest_h <= 0) {	LVGL blend color NULL guard patch	
0242b29773037724650322be6fd98d0e4b9bb061502798f16d5a232d63fda70e	lvgl_blend_color_null_guard.patch	+	LVGL_DIR	src/draw/sw/blend/lv_draw_sw_blend_to_argb8888.c	if(dsc->dest_buf == NULL || dsc->dest_w <= 0 || dsc->dest_h <= 0) {	LVGL blend color NULL guard patch	
0242b29773037724650322be6fd98d0e4b9bb061502798f16d5a232d63fda70e	lvgl_blend_color_null_guard.patch	+	LVGL_DIR	src/draw/sw/blend/lv_draw_sw_blend_to_argb8888_premultiplied.c	if(dsc->dest_buf == NULL || dsc->dest_w <= 0 || dsc->dest_h <= 0) {	LVGL blend color NULL guard patch	
0242b29773037724650322be6fd98d0e4b9bb061502798f16d5a232d63fda70e	lvgl_blend_color_null_guard.patch	+	LVGL_DIR	src/draw/sw/blend/lv_draw_sw_blend_to_i1.c	if(dsc->dest_buf == NULL || dsc->dest_w <= 0 || dsc->dest_h <= 0) {	LVGL blend color NULL guard patch	
0242b29773037724650322be6fd98d0e4b9bb061502798f16d5a232d63fda70e	lvgl_blend_color_null_guard.patch	+	LVGL_DIR	src/draw/sw/blend/lv_draw_sw_blend_to_l8.c	if(dsc->dest_buf == NULL || dsc->dest_w <= 0 || dsc->dest_h <= 0) {	LVGL blend color NULL guard patch	
0242b29773037724650322be6fd98d0e4b9bb061502798f16d5a232d63fda70e	lvgl_blend_color_null_guard.patch	+	LVGL_DIR	src/draw/sw/blend/lv_draw_sw_blend_to_rgb565.c	if(dsc->dest_buf == NULL || dsc->dest_w <= 0 || dsc->dest_h <= 0) {	LVGL blend color NULL guard patch	
0242b29773037724650322be6fd98d0e4b9bb061502798f16d5a232d63fda70e	lvgl_blend_color_null_guard.patch	+	LVGL_DIR	src/draw/sw/blend/lv_draw_sw_blend_to_rgb565_swapped.c	if(dsc->dest_buf == NULL || dsc->dest_w <= 0 || dsc->dest_h <= 0) {	LVGL blend color NULL guard patch	
0242b29773037724650322be6fd98d0e4b9bb061502798f16d5a232d63fda70e	lvgl_blend_color_null_guard.patch	+	LVGL_DIR	src/draw/sw/blend/lv_draw_sw_blend_to_rgb888.c	if(dsc->dest_buf == NULL || dsc->dest_w <= 0 || dsc->dest_h <= 0) {	LVGL blend color NULL guard patch	
0242b29773037724650322be6fd98d0e4b9bb061502798f16d5a232d63fda70e	lvgl_blend_color_null_guard.patch	+	LVGL_DIR	src/draw/sw/blend/neon/lv_draw_sw_blend_neon_to_rgb565.c	if(dsc->dest_buf == NULL || dsc->dest_w <= 0 || dsc->dest_h <= 0) {	LVGL blend color NULL guard patch	
0242b29773037724650322be6fd98d0e4b9bb061502798f16d5a232d63fda70e	lvgl_blend_color_null_guard.patch	+	LVGL_DIR	src/draw/sw/blend/neon/lv_draw_sw_blend_neon_to_rgb888.c	if(dsc->dest_buf == NULL || dsc->dest_w <= 0 || dsc->dest_h <= 0) {	LVGL blend color NULL guard patch	
c071d2b6a9a55ac630d188fef1e208bacd788263d738b8e26d7b5823892941bf	lvgl-fix-signed-unsigned-draw-coords.patch	+	LVGL_DIR	src/draw/lv_draw_buf.c	LV_LOG_WARN("coordinates out of range, x: %" LV_PRIu32 ", y: %"LV_PRIu32", w: %"LV_PRIu32", h: %"LV_PRIu32, x, y,	LVGL draw-area clip patch	
c071d2b6a9a55ac630d188fef1e208bacd788263d738b8e26d7b5823892941bf	lvgl-fix-signed-unsigned-draw-coords.patch	+	LVGL_DIR	src/draw/sw/lv_draw_sw_mask_rect.c	/*draw_area is clipped to dsc->area and the task clip area, but never to the	LVGL draw-area clip patch	
7355633a6a39b095424200e1507bba0f03e3d99ca7de2c94d7975a4637c2a4b3	lvgl_draw_render_thread_acquire.patch	+	LVGL_DIR	src/draw/lv_draw_private.h	* Accessors for `lv_draw_task_t.state`. Every access to that field must go	LVGL render-thread acquire/release barrier patch (ARM64 layer-buffer UAF)	
7355633a6a39b095424200e1507bba0f03e3d99ca7de2c94d7975a4637c2a4b3	lvgl_draw_render_thread_acquire.patch	+	LVGL_DIR	src/draw/lv_draw.c	LV_DRAW_TASK_STATE_SET(new_task, LV_DRAW_TASK_STATE_WAITING);	LVGL render-thread acquire/release barrier patch (ARM64 layer-buffer UAF)	
f695f708922c59176f9b02a5dd78d9a693b5bb5fd9f773ad395e4fb8c23b70f9	lvgl_draw_sw_label_null_guard.patch	+	LVGL_DIR	src/draw/sw/lv_draw_sw_letter.c	/* Telemetry hook provided by helix_lvgl_anomaly.cpp — reports LVGL anomalies	LVGL label draw NULL font guard patch	
9625a47df0cab37fb80ab6df8149cb93e6c3abcd3569fc6108b5229857a261ca	lvgl-drm-flush-rotation.patch	+	LVGL_DIR	src/drivers/display/drm/lv_linux_drm.c	uint64_t plane_rotation; /* DRM_MODE_ROTATE_* bitmask, 0 = unset */	LVGL DRM flush rotation patch	
9625a47df0cab37fb80ab6df8149cb93e6c3abcd3569fc6108b5229857a261ca	lvgl-drm-flush-rotation.patch	+	LVGL_DIR	src/drivers/display/drm/lv_linux_drm.h	* @brief Query the DRM plane's supported rotation bitmask	LVGL DRM flush rotation patch	
2c98295f38100ffb2d56394b67210609c8191c1383e0e94f62002b38c5e070ae	lvgl-drm-egl-getters.patch	+	LVGL_DIR	src/drivers/display/drm/lv_linux_drm_egl.c	int lv_linux_drm_get_fd(lv_display_t * disp)	LVGL DRM EGL getters patch	
03eb7fb3a731b4b658282bce6178cf012409cde66b562896fe4541ca51e488ba	lvgl-drm-preferred-mode.patch	+	LVGL_DIR	src/drivers/display/drm/lv_linux_drm.h	#include <stdint.h>	LVGL DRM preferred mode patch (#766)	
03eb7fb3a731b4b658282bce6178cf012409cde66b562896fe4541ca51e488ba	lvgl-drm-preferred-mode.patch	+	LVGL_DIR	src/drivers/display/drm/lv_linux_drm.c	uint32_t preferred_hdisplay; /* requested hdisplay for mode override, 0 = unset (#766) */	LVGL DRM preferred mode patch (#766)	
328239c28b2ef88c383db39c1069bc9716ea27ab89c7cad4ff68062159accf2e	lvgl-drm-set-master.patch	+	LVGL_DIR	src/drivers/display/drm/lv_linux_drm.c	* Acquire DRM master before any KMS modesetting. The kernel grants master	LVGL DRM set-master patch	
8614326122167345ac84c5db7ec92e85bd6c68089c62ca165c3aa811c4dcd924	lvgl-drm-mmap64.patch	+	LVGL_DIR	src/drivers/display/drm/lv_linux_drm.c	/* DRM hands out dumb-buffer mmap offsets from DRM_FILE_PAGE_OFFSET_START, which	LVGL DRM 64-bit mmap offset patch	
db1b6baa61f594d68c0e454f0882e8bcbca490ff7ba3e67ba41b3f5645f4def5	lvgl_refr_reshape_null_guard.patch	+	LVGL_DIR	src/core/lv_refr.c	static bool layer_reshape_draw_buf(lv_layer_t * layer, uint32_t stride)	LVGL refr reshape NULL guard patch	
272cda8822a906ea5d2668845e3b04419de0fd14c93d8af8203392c093e0e44c	lvgl_img_null_guard.patch	+	LVGL_DIR	src/draw/sw/lv_draw_sw_img.c	if(img_start == NULL || mask_start == NULL) {	LVGL img goto_xy NULL guard patch	
a77448564880c07d61dee0ca155ab2985392aa3e4fe86c2e78db379ee0da6d83	lvgl_img_warn_obj_name.patch	+	LVGL_DIR	src/widgets/image/lv_image.c	/* HelixScreen: include obj + parent name so telemetry can locate the	LVGL image-warn obj-name patch	
a989b086380e14e82ab9a7c26062c25d96dc5f9686905231a1bcba630a919421	lvgl_blur_null_guard.patch	+	LVGL_DIR	src/draw/sw/lv_draw_sw_blur.c	if(buf_column_start == NULL) continue;	LVGL blur goto_xy NULL guard patch	
fa54893e2ef72e9eccd74b8e4881b691d30c5329ffc5dfaed8ba63afee5b9beb	lvgl_obj_pos_null_guards.patch	+	LVGL_DIR	src/core/lv_obj_pos.c	/* Telemetry hook provided by helix_lvgl_anomaly.cpp — reports LVGL anomalies	LVGL obj_pos NULL guards patch (blur_walk_cb + layout_update_core)	
c307f9167f4a844494db5e2e7115b050bde6214090173fe1f45eaeb4eb5f6940	lvgl_layout_dirty_refr_request_once.patch	+	LVGL_DIR	src/core/lv_obj_pos.c	/*A screen already marked has a refresh request pending since its last layout	LVGL layout-dirty refresh request once per layout pass	
b406c07d9ceb237ce1af99fd03a5df675cd7347530a0cb614edd013f6cccbdd2	lvgl_refr_skip_offclip_children.patch	+	LVGL_DIR	src/core/lv_refr.c	/*Every child of a widget being drawn comes through here once per refreshed area, so	LVGL refr skips a widget outside the clip area before its style lookups	
6c765bbfb30d1480564adc80976b4a3d9420a140609402ede8274a83832b0b26	lvgl_grid_update_guard.patch	+	LVGL_DIR	src/layouts/grid/lv_grid.c	#include "../../stdlib/lv_sprintf.h"	LVGL grid_update freed-container guard patch (#973)	
a6535f0a396a87f9db4c773621f11ba19b5b867dc0a495f3abf712487540e99e	lvgl_draw_buf_oom_guard.patch	-	LVGL_DIR	src/draw/lv_draw_buf.c	LV_ASSERT_MALLOC(draw_buf);	LVGL draw_buf OOM guard patch	
97a729022ef08e877c453e0e02148afd0d60f8affed4040c5167b409f06f1e01	lvgl-evdev-protocol-a.patch	+	LVGL_DIR	src/drivers/evdev/lv_evdev.c	#include <stdlib.h> /* getenv — #943 touch-range diagnostic */	LVGL evdev Protocol-A touch release patch	
97a729022ef08e877c453e0e02148afd0d60f8affed4040c5167b409f06f1e01	lvgl-evdev-protocol-a.patch	+	LVGL_DIR	src/drivers/evdev/lv_evdev.h	* Read back the last coordinate pair the driver received from the kernel,	LVGL evdev Protocol-A touch release patch	
f8f8a63f5fa75581768630849cf28b19cd88bf664a3d8d4006433a5e255ba612	lvgl_arc_draw_guard.patch	+	LVGL_DIR	src/draw/lv_draw_arc.c	/*Guard: radius too small for stroke width — return full bounding box	LVGL arc draw guard patch	
f8f8a63f5fa75581768630849cf28b19cd88bf664a3d8d4006433a5e255ba612	lvgl_arc_draw_guard.patch	+	LVGL_DIR	src/widgets/arc/lv_arc.c	/*Guard: if radius is zero or negative after padding, use full object area*/	LVGL arc draw guard patch	
4bfddebb4f2f1bfcca60a59c391ffa8545137a6de7baa1839715b991db22b0cd	lvgl_arc_subject_null_guard.patch	+	LVGL_DIR	src/widgets/arc/lv_arc.c	if(subject == NULL) {	LVGL arc subject NULL guard patch	
33c01e070903f6984f14f2e8be5476f742a88b545f8714f89b1373d64552a602	lvgl_draw_sw_img_buf_height_guard.patch	+	LVGL_DIR	src/draw/sw/lv_draw_sw_img.c	buf_h = LV_CLAMP(1, buf_h, blend_h);	LVGL draw_sw_img buf_h guard patch (upstream ca18403)	
09e4aba2b02f74ee091c21b18047e9ea082043218f8926cce12d736d191081a2	lvgl_lodepng_bpp_guard.patch	+	LVGL_DIR	src/libs/lodepng/lodepng.c	/*This port allocates the output as a fixed ARGB8888 draw buffer (4 bytes per	LVGL lodepng bit-depth guard (16-bit PNG heap overflow)	
79547509de33250662b8ba582cb89a6214f88a79b0272d5ea9cd33e3fe55569b	lvgl_drm_egl_render_mode_fix.patch	-	LVGL_DIR	src/drivers/display/drm/lv_linux_drm_egl.c	lv_display_set_render_mode(display, LV_DISPLAY_RENDER_MODE_DIRECT);	LVGL DRM EGL render mode fix (upstream ce112eb)	
6be344ce161fe2057c55be8b3613ddc9fee1e122dcc624af444d7e35e52c0b5d	lvgl-egl-vsync.patch	+	LVGL_DIR	src/drivers/opengles/lv_opengles_egl.h	* Choose whether presenting a frame waits for the previous one to reach the screen.	LVGL EGL vsync setter patch	
6be344ce161fe2057c55be8b3613ddc9fee1e122dcc624af444d7e35e52c0b5d	lvgl-egl-vsync.patch	+	LVGL_DIR	src/drivers/opengles/lv_opengles_egl.c	void lv_opengles_egl_set_vsync(lv_opengles_egl_t * ctx, bool vsync)	LVGL EGL vsync setter patch	
6be344ce161fe2057c55be8b3613ddc9fee1e122dcc624af444d7e35e52c0b5d	lvgl-egl-vsync.patch	+	LVGL_DIR	src/drivers/display/drm/lv_linux_drm.h	* @brief Make an EGL DRM display wait for each page flip before queueing the next frame	LVGL EGL vsync setter patch	
6be344ce161fe2057c55be8b3613ddc9fee1e122dcc624af444d7e35e52c0b5d	lvgl-egl-vsync.patch	+	LVGL_DIR	src/drivers/display/drm/lv_linux_drm_egl.c	void lv_linux_drm_egl_set_vsync(lv_display_t * disp, bool vsync)	LVGL EGL vsync setter patch	
96a7d5c1e3bc241e730e9a8c9a62e8c5a0f4276c3384aa7e3f22a0c6c9e2c2ce	lvgl-egl-partial-upload.patch	+	LVGL_DIR	src/drivers/display/drm/lv_linux_drm.h	* @brief Send the display texture only the areas LVGL flushed, instead of the whole frame	LVGL EGL partial upload patch	
96a7d5c1e3bc241e730e9a8c9a62e8c5a0f4276c3384aa7e3f22a0c6c9e2c2ce	lvgl-egl-partial-upload.patch	+	LVGL_DIR	src/drivers/display/drm/lv_linux_drm_egl_private.h	#include "lv_linux_drm_egl_upload.h"	LVGL EGL partial upload patch	
96a7d5c1e3bc241e730e9a8c9a62e8c5a0f4276c3384aa7e3f22a0c6c9e2c2ce	lvgl-egl-partial-upload.patch	+	LVGL_DIR	src/drivers/display/drm/lv_linux_drm_egl.c	static bool sub_image_upload_supported(void);	LVGL EGL partial upload patch	
96a7d5c1e3bc241e730e9a8c9a62e8c5a0f4276c3384aa7e3f22a0c6c9e2c2ce	lvgl-egl-partial-upload.patch	+	LVGL_DIR	src/drivers/display/drm/lv_linux_drm_egl_upload.h	* @file lv_linux_drm_egl_upload.h	LVGL EGL partial upload patch	
dfdee6e50158312bf829a73c024e3cf186497f4532ea51608e18c4032d02ee82	lvgl-egl-xrgb-shader.patch	+	LVGL_DIR	src/drivers/opengles/lv_opengles_driver.h	/** lv_opengles_render_display() draws an XRGB8888 display with its X byte ignored */	LVGL EGL XRGB display shader patch	
dfdee6e50158312bf829a73c024e3cf186497f4532ea51608e18c4032d02ee82	lvgl-egl-xrgb-shader.patch	+	LVGL_DIR	src/drivers/opengles/lv_opengles_driver.c	/*An XRGB8888 display leaves its X byte undefined, so it is drawn as 24-bit, without alpha*/	LVGL EGL XRGB display shader patch	
dfdee6e50158312bf829a73c024e3cf186497f4532ea51608e18c4032d02ee82	lvgl-egl-xrgb-shader.patch	+	LVGL_DIR	src/drivers/opengles/assets/lv_opengles_shader.c	} else if (abs(u_ColorDepth - 24.0) < 0.1) {	LVGL EGL XRGB display shader patch	
42ed083e20b146b7ffe04522995430087bb3cd5c12b1c40254c33aa4ecb32433	lvgl-opengles-texture-align.patch	+	LVGL_DIR	src/drivers/opengles/lv_opengles_texture.c	#include "../../draw/lv_draw_buf.h"	LVGL OpenGL ES texture buffer alignment patch	
42ed083e20b146b7ffe04522995430087bb3cd5c12b1c40254c33aa4ecb32433	lvgl-opengles-texture-align.patch	+	LVGL_DIR	src/drivers/opengles/lv_opengles_texture_private.h	uint8_t * fb1;          /**< draw buffer, aligned to LV_DRAW_BUF_ALIGN */	LVGL OpenGL ES texture buffer alignment patch	
d5c8ad800df72b0b97d056bce56a0cdf6aa2f966e6393a5bcc7fdc37175a82e0	lvgl-opengles-quarter-turn-direction.patch	+	LVGL_DIR	src/drivers/opengles/lv_opengles_driver.c	/*LVGL turns a quarter turn counter-clockwise (lv_display_rotate_point() maps pointer input	LVGL OpenGL ES quarter-turn direction patch	
9f5af92c6c5e48638f2cb486ee8800afa5f01a2124d31e1c238e4b67c7cb60e6	lvgl_texture_cache_null_guard.patch	+	LVGL_DIR	src/draw/opengles/lv_draw_opengles.c	if(lhs->draw_dsc == NULL || rhs->draw_dsc == NULL) {	LVGL texture cache NULL guard patch (upstream ec053a0)	
9f5af92c6c5e48638f2cb486ee8800afa5f01a2124d31e1c238e4b67c7cb60e6	lvgl_texture_cache_null_guard.patch	+	LVGL_DIR	src/draw/sdl/lv_draw_sdl.c	if(lhs->draw_dsc == NULL || rhs->draw_dsc == NULL) {	LVGL texture cache NULL guard patch (upstream ec053a0)	
e954f1e35a8fd2e0cc70fd6ee3805daa439208f28cff3499b06f2760c6de72f3	lvgl_draw_sdl_stride_fix.patch	+	LVGL_DIR	src/draw/sdl/lv_draw_sdl.c	*which is not supported in SDL as it renders into a user-provided	LVGL draw_sdl aligned stride fix	
4932a4c3472f0f96b851bdb842d0985dee9366c2b54793c65f0630b0c1748e60	lvgl_display_sync_cb.patch	+	LVGL_DIR	lv_conf_template.h	/** Define a custom attribute for `lv_display_sync_ready` function */	LVGL display sync callback patch (upstream 4170bcb)	
4932a4c3472f0f96b851bdb842d0985dee9366c2b54793c65f0630b0c1748e60	lvgl_display_sync_cb.patch	+	LVGL_DIR	src/core/lv_refr.c	static void call_sync_cb(lv_display_t * disp, const lv_area_t * area);	LVGL display sync callback patch (upstream 4170bcb)	
4932a4c3472f0f96b851bdb842d0985dee9366c2b54793c65f0630b0c1748e60	lvgl_display_sync_cb.patch	+	LVGL_DIR	src/display/lv_display.c	void lv_display_set_sync_cb(lv_display_t * disp, lv_display_sync_cb_t sync_cb)	LVGL display sync callback patch (upstream 4170bcb)	
4932a4c3472f0f96b851bdb842d0985dee9366c2b54793c65f0630b0c1748e60	lvgl_display_sync_cb.patch	+	LVGL_DIR	src/display/lv_display.h	typedef void (*lv_display_sync_cb_t)(lv_display_t * disp, const lv_area_t * area);	LVGL display sync callback patch (upstream 4170bcb)	
4932a4c3472f0f96b851bdb842d0985dee9366c2b54793c65f0630b0c1748e60	lvgl_display_sync_cb.patch	+	LVGL_DIR	src/display/lv_display_private.h	* Used to synchronize changes between frame buffers between renders.	LVGL display sync callback patch (upstream 4170bcb)	
4932a4c3472f0f96b851bdb842d0985dee9366c2b54793c65f0630b0c1748e60	lvgl_display_sync_cb.patch	+	LVGL_DIR	src/lv_conf_internal.h	/** Define a custom attribute for `lv_display_sync_ready` function */	LVGL display sync callback patch (upstream 4170bcb)	
4932a4c3472f0f96b851bdb842d0985dee9366c2b54793c65f0630b0c1748e60	lvgl_display_sync_cb.patch	+	LVGL_DIR	src/misc/lv_event.c	ENUM_CASE(EVENT_SYNC_START);	LVGL display sync callback patch (upstream 4170bcb)	
4932a4c3472f0f96b851bdb842d0985dee9366c2b54793c65f0630b0c1748e60	lvgl_display_sync_cb.patch	+	LVGL_DIR	src/misc/lv_event.h	LV_EVENT_SYNC_START,          /**< Sent before sync callback is called. */	LVGL display sync callback patch (upstream 4170bcb)	
847c02197833f9e1288e185a8d450a1194facb17ee0e129d6a473d9e91169084	lvgl_obj_delete_null_guards.patch	+	LVGL_DIR	src/core/lv_obj.c	/* Telemetry hook provided by helix_lvgl_anomaly.cpp — reports LVGL anomalies	LVGL obj destructor NULL guard patch (obj_destructor_null telemetry)	
6d388271f69d938b55b9e1062a00967049dce57bfc6aa76607bd1d1badf64f9a	lvgl_obj_delete_async_dedup.patch	+	LVGL_DIR	src/core/lv_obj_tree.c	* (double-schedule, UAF near-miss) via TelemetryManager::record_error. */	LVGL obj delete async dedup patch (dedup + UAF guard + diagnostics)	
778722051f291d587ec053e175365487e15924f5b60729d4fb0267a252f56378	lvgl_obj_get_screen_cycle_guard.patch	+	LVGL_DIR	src/core/lv_obj_tree.c	* with backtrace + device context for remote crash diagnostics. */	LVGL obj_get_screen cycle guard patch (cap parent-walk depth to 128)	
0894f2171d5d4eb504cefc2d9524d8fb0caaf2d1b23b5932f4932b24978b7f51	lvgl_async_del_crumb.patch	+	LVGL_DIR	src/core/lv_obj_tree.c	/* Weak-extern hooks into crash_handler.cpp's breadcrumb ring. Record the	LVGL async-delete breadcrumb patch (#840/#906 sync+async diagnostic)	
35433c1fef818e72abade9e7451b0f7bf63175743c3795c488fca24fb02bb32c	lvgl_translation_warn_once.patch	+	LVGL_DIR	src/others/translation/lv_translation.c	/* Set once the "no pack registered for the selected language" warning has been	LVGL translation warn-once patch (missing-language warning once per language)	
61470ec906a7d8b56abdadd57c689364cefd62a19f8a6fd62b91d9c6889c1f15	lvgl_translation_threadsafe.patch	+	LVGL_DIR	src/others/translation/lv_translation.c	#include <pthread.h>	LVGL translation lock patch (lv_tr safe from any thread)	
61470ec906a7d8b56abdadd57c689364cefd62a19f8a6fd62b91d9c6889c1f15	lvgl_translation_threadsafe.patch	+	LVGL_DIR	src/others/translation/lv_translation.h	* @return the current selected language. Freed by the next	LVGL translation lock patch (lv_tr safe from any thread)	
a42b299e56705a65719266572c0e8d05992ee0539e918f3a0b9fca7dbec9c167	lvgl_label_text_transform.patch	+	LVGL_DIR	src/widgets/label/lv_label.c	static void helix_uppercase_utf8(char * text);	LVGL label text transform patch	
a42b299e56705a65719266572c0e8d05992ee0539e918f3a0b9fca7dbec9c167	lvgl_label_text_transform.patch	+	LVGL_DIR	src/widgets/label/lv_label.h	* Enable uppercase text transform (HelixScreen extension)	LVGL label text transform patch	
a42b299e56705a65719266572c0e8d05992ee0539e918f3a0b9fca7dbec9c167	lvgl_label_text_transform.patch	+	LVGL_DIR	src/widgets/label/lv_label_private.h	uint8_t text_transform_upper : 1;   /**< 1: Uppercase text before display (HelixScreen extension) */	LVGL label text transform patch	
605431347f90cdbc74e49d800c4900d42ee6f538f862e24aa124e32fdc71e958	lvgl-sw-draw-wait-for-finish.patch	+	LVGL_DIR	src/draw/sw/lv_draw_sw.c	* Accessors for the fields `lv_draw_sw_thread_dsc_t` shares between a render	LVGL SW draw wait_for_finish + NULL guard patch (#739)	
bc17cafd88d352cc9037a9f2d8ce1f7b3b1e44c7c8b1989ad93c92dfbcd2715e	lvgl-image-cache-oversize-uncached.patch	+	LVGL_DIR	src/libs/bin_decoder/lv_bin_decoder.c	/*Larger than the cache can ever hold. decoder_data still owns the buffer, so	LVGL oversize-image uncached-draw patch (image larger than the cache draws instead of vanishing)	
bc17cafd88d352cc9037a9f2d8ce1f7b3b1e44c7c8b1989ad93c92dfbcd2715e	lvgl-image-cache-oversize-uncached.patch	+	LVGL_DIR	src/libs/lodepng/lv_lodepng.c	/*An image whose decoded size exceeds the entire cache can never be stored: the	LVGL oversize-image uncached-draw patch (image larger than the cache draws instead of vanishing)	
7e0deb1330fea2a4d42ff7e5e1ebdc3041c7415d365ad2ae3a094d336afbf913	lvgl_lodepng_variable_sniff_guard.patch	+	LVGL_DIR	src/libs/lodepng/lv_lodepng.c	/* HelixScreen: only a source that declares itself encoded can be a PNG. A draw	LVGL lodepng variable-source sniff guard (#1673)	
7f6aa99a714ae256044de2de25851c81a766abf33cea0e49b1d7a87c72b218dc	lvgl_lodepng_inflate_slack.patch	+	LVGL_DIR	src/libs/lodepng/lodepng.c	/*reserve the memory to avoid intermediate reallocations. inflateHuffmanBlock	LVGL lodepng inflate slack patch (no 1.5x realloc at the end of a PNG decode)	
d3eafd46bc2a52cf2acec1b583254ec1b96284bbb237ed0e47f196b08f2f8057	lvgl_event_crash_hook.patch	+	LVGL_DIR	src/core/lv_obj_event.c	/* HelixScreen crash diagnostic hook — records current event target/code so a	LVGL event crash-diagnostic hook patch	
62267034d39692e98cb64f113d8191304de017b56f9dc5e9d4d37c1c21fd9945	lvgl_event_mark_deleted_defensive.patch	+	LVGL_DIR	src/misc/lv_event.c	#include <stdio.h>	LVGL lv_event_mark_deleted defensive bail patch	
8ead3839cdb6d40a82565835229a79b215e5dd6df8a136b4373e9e027347bf2a	lvgl_event_pop_unwind_safe.patch	+	LVGL_DIR	src/core/lv_obj_event.c	/* HelixScreen: __cleanup__ pop fires on every scope exit including C++	LVGL event-pop unwind-safe patch (RPHAV9T7 / L081 root cause)	
8ead3839cdb6d40a82565835229a79b215e5dd6df8a136b4373e9e027347bf2a	lvgl_event_pop_unwind_safe.patch	+	LVGL_DIR	src/misc/lv_event.c	/* HelixScreen: idempotent pop. Pops only if `e` is still the head of the	LVGL event-pop unwind-safe patch (RPHAV9T7 / L081 root cause)	
8ead3839cdb6d40a82565835229a79b215e5dd6df8a136b4373e9e027347bf2a	lvgl_event_pop_unwind_safe.patch	+	LVGL_DIR	src/misc/lv_event_private.h	* HelixScreen: idempotent pop — only pops if `e` is still event_head.	LVGL event-pop unwind-safe patch (RPHAV9T7 / L081 root cause)	
11aa24d1a4b21b3539874a63de25d45b92effba62ec844899fbd086502d32e27	lvgl_indev_delete_cancels_anim.patch	+	LVGL_DIR	src/indev/lv_indev.c	/*HelixScreen: stop every animation still targeting this device. The	LVGL indev-delete animation cancel patch	
3b397a7af29271913ff79ddc7263ccf5ec29a6f93720564c51899d3367155649	lvgl_scroll_throw_time_based.patch	+	LVGL_DIR	src/indev/lv_indev.c	* HelixScreen: a history sample's share of the scroll throw vector.	LVGL time-based scroll throw patch (momentum by elapsed ms, not per frame)	
3b397a7af29271913ff79ddc7263ccf5ec29a6f93720564c51899d3367155649	lvgl_scroll_throw_time_based.patch	+	LVGL_DIR	src/indev/lv_indev_private.h	uint32_t scroll_throw_timestamp; /*HelixScreen: tick of the last scroll throw step*/	LVGL time-based scroll throw patch (momentum by elapsed ms, not per frame)	
3b397a7af29271913ff79ddc7263ccf5ec29a6f93720564c51899d3367155649	lvgl_scroll_throw_time_based.patch	+	LVGL_DIR	src/indev/lv_indev_scroll.c	static int32_t throw_steps(lv_obj_t * scroll_obj, int32_t * vect, int32_t scroll_throw, uint32_t steps,	LVGL time-based scroll throw patch (momentum by elapsed ms, not per frame)	
f39c80a7fb3e516557650ed1bfb4666e5b00bce2056a1d5fd6dfe5e6ae2be528	lvgl_event_dispatch_depth_guard.patch	+	LVGL_DIR	src/misc/lv_event.c	if(event_dispatch_depth > 0) event_dispatch_depth--;	LVGL event-dispatch-depth guard (cluster:pstat-async-delete / #906)	
8b0da2c8ea8fb06da0725c92c5cc4a14e653db5f525e48c5e7bdd9ba3ce574ff	lvgl_event_stack_array.patch	+	LVGL_DIR	src/core/lv_global.h	lv_event_t * event_header;          /**< HelixScreen: kept for ABI; superseded by event_stack */	LVGL #907 array-backed event stack (replaces e->prev linked list)	
8b0da2c8ea8fb06da0725c92c5cc4a14e653db5f525e48c5e7bdd9ba3ce574ff	lvgl_event_stack_array.patch	+	LVGL_DIR	src/misc/lv_event.c	/* HelixScreen #907: array-backed event stack. event_stack[0..size-1] holds	LVGL #907 array-backed event stack (replaces e->prev linked list)	
8b0da2c8ea8fb06da0725c92c5cc4a14e653db5f525e48c5e7bdd9ba3ce574ff	lvgl_event_stack_array.patch	+	LVGL_DIR	src/misc/lv_event_private.h	* HelixScreen: true when `addr` can be a live lv_event_t in a caller's frame on	LVGL #907 array-backed event stack (replaces e->prev linked list)	
d2699c642b5bfa9fb967088c8b7af1cb5a080980068b8714cae957724bd85e2e	lvgl_event_dispatch_cb_guard.patch	+	LVGL_DIR	src/core/lv_obj_event.c	/* HelixScreen 3XNZQB2R: pair the bare-pointer event hook with widget	LVGL dispatch-cb bounds gate + widget identity (3XNZQB2R)	
d2699c642b5bfa9fb967088c8b7af1cb5a080980068b8714cae957724bd85e2e	lvgl_event_dispatch_cb_guard.patch	+	LVGL_DIR	src/misc/lv_event.c	/* HelixScreen: bridge to the binary's text segment bounds, populated by	LVGL dispatch-cb bounds gate + widget identity (3XNZQB2R)	
18b2f46fcdd7b089b5deabd8634c27b9dd30572be475d5e4dcfb8f86bf332b3d	lvgl_obj_event_null_guards.patch	+	LVGL_DIR	src/core/lv_obj_event.c	/* HelixScreen telemetry hook for conditions LVGL treats as unrecoverable and	LVGL obj-event NULL guards (VHTR49QJ — recoverable bail + telemetry)	
3f68ab9430c375948c61270848c0b6d4ed85e60214bd254dd9be37539053bae1	lvgl_style_null_guards.patch	+	LVGL_DIR	src/core/lv_obj.c	if(obj_style->style == NULL) continue;	LVGL style NULL guards patch (null style pointers in transitions/cache)	
3f68ab9430c375948c61270848c0b6d4ed85e60214bd254dd9be37539053bae1	lvgl_style_null_guards.patch	+	LVGL_DIR	src/core/lv_obj_style.c	if(obj->styles[i].style == NULL) return LV_STYLE_RES_NOT_FOUND;	LVGL style NULL guards patch (null style pointers in transitions/cache)	
6241f2b49cedce11d87fb699e9930547b1744959c9e6c2dbec0f12af11b2f707	lvgl_obj_flag_screen_parent_null_guard.patch	+	LVGL_DIR	src/core/lv_obj.h	/*lv_obj_add_flag/lv_obj_remove_flag tolerate a parentless object (a screen)*/	LVGL obj flag screen-parent NULL guard (hide/unhide a screen)	
6241f2b49cedce11d87fb699e9930547b1744959c9e6c2dbec0f12af11b2f707	lvgl_obj_flag_screen_parent_null_guard.patch	+	LVGL_DIR	src/core/lv_obj.c	if(lv_obj_get_parent(obj)) lv_obj_mark_layout_as_dirty(lv_obj_get_parent(obj));	LVGL obj flag screen-parent NULL guard (hide/unhide a screen)	
002790ef1c41553c42db6cf1c51cfa22095e0a22b8e88552663f9cc67fadf2d8	lvgl_flex_hidden_grow_gap.patch	+	LVGL_DIR	src/layouts/flex/lv_flex.c	if(!first_item && lv_obj_has_flag(item, LV_OBJ_FLAG_FLEX_IN_NEW_TRACK))	LVGL flex hidden+grow gap fix (upstream #9897 backport)	
7d80c4b1f40cc4ddb2e874ca27afff14a412fb25e11d98d2565a62853693f6a4	lvgl_check_arg_backport.patch	+	LVGL_DIR	src/misc/lv_assert.h	/* HelixScreen: backported LV_CHECK_ARG (drop at lib/lvgl upgrade past v9.5.0) */	LVGL LV_CHECK_ARG backport patch (master macro for v9.5.0; drop at upgrade)	
7d80c4b1f40cc4ddb2e874ca27afff14a412fb25e11d98d2565a62853693f6a4	lvgl_check_arg_backport.patch	+	LVGL_DIR	src/misc/lv_check_arg.h	* @file lv_check_arg.h	LVGL LV_CHECK_ARG backport patch (master macro for v9.5.0; drop at upgrade)	
58d290eec4f463938b2e39053785a487a337669b0d0054bf6370f96c1d90702e	lvgl_fbdev_arg_guards.patch	+	LVGL_DIR	src/drivers/display/fb/lv_linux_fbdev.c	/* Log the resolution after any bits_per_pixel correction so it reflects the value actually used */	LVGL fbdev arg-guard + log-order patch (uses backported LV_CHECK_ARG)	
b5aecc79a07790d1f9fdd5f33f5f0486542c0a7cec87cd47ab7e81bc690563d0	libhv-openssl-static-link.patch	+	LIBHV_DIR	Makefile	# Allow callers to force static-only outputs (used by cross builds that only	libhv OpenSSL/static build hook patch	
b5aecc79a07790d1f9fdd5f33f5f0486542c0a7cec87cd47ab7e81bc690563d0	libhv-openssl-static-link.patch	+	LIBHV_DIR	Makefile.in	# LIBDIR is where the linked archive/shared lib lands. Overridable so per-arch	libhv OpenSSL/static build hook patch	
c1cd0dd6c74fb39fc5d618d8bcacacf02fcc3e8b6dac32619dc7eaba5f92111e	libhv-streaming-upload.patch	+	LIBHV_DIR	http/client/requests.h	// Internal helper for streaming file data through an established connection	libhv streaming upload patch	
065e2060665304d6af2c59ca63c034e5b676bf1d1c6155723473a4b20ba51bdb	libhv-dns-resolver-fallback.patch	+	LIBHV_DIR	base/dns_resolv.c	// SPDX-License-Identifier: GPL-3.0-or-later	libhv DNS resolver fallback patch	Without it embedded DNS resolution is broken.
065e2060665304d6af2c59ca63c034e5b676bf1d1c6155723473a4b20ba51bdb	libhv-dns-resolver-fallback.patch	+	LIBHV_DIR	base/dns_resolv.h	// SPDX-License-Identifier: GPL-3.0-or-later	libhv DNS resolver fallback patch	Without it embedded DNS resolution is broken.
065e2060665304d6af2c59ca63c034e5b676bf1d1c6155723473a4b20ba51bdb	libhv-dns-resolver-fallback.patch	+	LIBHV_DIR	base/hplatform.h	// Not pulled in transitively by every glibc (jammy's include web is	libhv DNS resolver fallback patch	Without it embedded DNS resolution is broken.
065e2060665304d6af2c59ca63c034e5b676bf1d1c6155723473a4b20ba51bdb	libhv-dns-resolver-fallback.patch	+	LIBHV_DIR	base/hsocket.c	#include "dns_resolv.h"	libhv DNS resolver fallback patch	Without it embedded DNS resolution is broken.
77896c8ed20dff8ab58b1b4bc8d4e1d48878b5960414171f5fe5f6ba3abb7856	libhv-tcpclient-reconnect-resilience.patch	+	LIBHV_DIR	evpp/TcpClient.h	#include <atomic>	libhv TcpClient reconnect resilience patch	Without it a pending auto-reconnect can fault in createsocket() during teardown (#1212).
1c986954a39fe5f2082df6f5b07e74253f2294179e831adcc9e62250c6c8aef2	libhv-websocket-backoff-on-upgrade.patch	+	LIBHV_DIR	http/client/WebSocketClient.cpp	saved_reconn_cur_delay_ = 0;	libhv WebSocket backoff patch	Without it a failed WS upgrade reconnects at 5Hz.
1c986954a39fe5f2082df6f5b07e74253f2294179e831adcc9e62250c6c8aef2	libhv-websocket-backoff-on-upgrade.patch	+	LIBHV_DIR	http/client/WebSocketClient.h	#include <atomic>	libhv WebSocket backoff patch	Without it a failed WS upgrade reconnects at 5Hz.
4c677301ce26b02d2f97db8fe0fc8e64f1e6d81596116bc986d38055006c7c70	libhv-hthreadpool-wait-lock.patch	+	LIBHV_DIR	cpputil/hthreadpool.h	// PATCH NOTE(helixscreen): publish STOP under task_mutex. A worker	libhv HThreadPool locking patch	Without it wait() races a worker's pop_front() (nightly TSAN via ThumbnailProcessor::wait_for_completion), and stop() can lose its wakeup and stall 60s joining an idle worker.
c21ff249f6af7d39b5e861c9ef204fc05ff8fb2fe2574d9880f34d77b0e6f17b	libhv-hlog-thread-safe-localtime.patch	+	LIBHV_DIR	base/hlog.c	/* PATCH NOTE(helixscreen): libhv builds with -std=c99, which leaves glibc's	libhv hlog localtime_r patch	Without it every logging thread races on localtime()'s shared struct tm and tzset's TZ string (nightly TSAN, logger_print).
3feb9949ad27136f25802dc6029beb8777e0c16c61defd687b35977f9811ed4f	libhv-http-request-cancel-atomic.patch	+	LIBHV_DIR	http/HttpMessage.h	#include <atomic>	libhv HttpRequest cancel atomic patch	Without it CameraStream::stop() races the stream thread's ParseUrl() (nightly TSAN in HttpRequest::Cancel).
cb39a330f817c53c543d1f8b861744dacba8527ec76536441d9a6e889f07c99b	libhv-hloop-preallocate-ios.patch	+	LIBHV_DIR	event/hloop.c	// Allocated here, before the loop thread exists. A lazy first allocation in	libhv hloop ios preallocation patch	Without it a client connecting right after its loop thread starts can lose its io to a concurrent first allocation and fault in iowatcher_add_event.
a8afac12a03ad2d7486627cc0b093b9dd842a118ab2fba455bd61300f7ece30e	libhv-websocket-open-install-once.patch	+	LIBHV_DIR	http/client/WebSocketClient.cpp	// PATCH NOTE(helixscreen): install the TcpClient-level channel callbacks	libhv WebSocketClient install-once patch	Without it a reconnect from another thread overwrites onConnection while the loop thread is running it, and a redirect reassigns onMessage from inside onMessage.
a3a51b6740fca8562b0d5c748e8ef8f8121543df15e63e2b0ae49847e1a19386	lua-pattern-step-budget.patch	+	LUA_DIR	lstrlib.c	unsigned int matchsteps;  /* calls to 'match' since 'prepstate' */	Lua pattern step budget patch	Without it a backtracking string pattern runs past the plugin time budget and freezes the UI.
