file,bucket,blocking,via,first_error
src/application/static_subject_registry.cpp,B,spdlog/fmt/json via shim,,
src/printer/active_material_provider.cpp,A,,,
src/printer/afc_config_manager.cpp,D,hv/Event.h,include/moonraker_client.h,/home/pbrown/Code/Printing/helixscreen/include/moonraker_client.h:40:10: fatal error: hv/Event.h: No such file or directory
src/printer/afc_defaults.cpp,A,,,
src/printer/ams_backend.cpp,D,hv/Event.h,include/moonraker_client.h,/home/pbrown/Code/Printing/helixscreen/include/moonraker_client.h:40:10: fatal error: hv/Event.h: No such file or directory
src/printer/ams_backend_ace.cpp,D,hv/Event.h,include/moonraker_client.h,/home/pbrown/Code/Printing/helixscreen/include/moonraker_client.h:40:10: fatal error: hv/Event.h: No such file or directory
src/printer/ams_backend_ad5x_ifs.cpp,D,hv/Event.h,include/moonraker_client.h,/home/pbrown/Code/Printing/helixscreen/include/moonraker_client.h:40:10: fatal error: hv/Event.h: No such file or directory
src/printer/ams_backend_afc.cpp,D,hv/Event.h,include/moonraker_client.h,/home/pbrown/Code/Printing/helixscreen/include/moonraker_client.h:40:10: fatal error: hv/Event.h: No such file or directory
src/printer/ams_backend_cfs.cpp,D,hv/Event.h,include/moonraker_client.h,/home/pbrown/Code/Printing/helixscreen/include/moonraker_client.h:40:10: fatal error: hv/Event.h: No such file or directory
src/printer/ams_backend_happy_hare.cpp,D,hv/Event.h,include/moonraker_client.h,/home/pbrown/Code/Printing/helixscreen/include/moonraker_client.h:40:10: fatal error: hv/Event.h: No such file or directory
src/printer/ams_backend_mock.cpp,C,rtti (CONFIG_COMPILER_CXX_RTTI=y flips this),,/home/pbrown/Code/Printing/helixscreen/src/printer/ams_backend_mock.cpp:3092:52: error: 'const class std::any' has no member named 'type'
src/printer/ams_backend_qidi.cpp,D,hv/Event.h,include/moonraker_client.h,/home/pbrown/Code/Printing/helixscreen/include/moonraker_client.h:40:10: fatal error: hv/Event.h: No such file or directory
src/printer/ams_backend_snapmaker.cpp,D,hv/Event.h,include/moonraker_client.h,/home/pbrown/Code/Printing/helixscreen/include/moonraker_client.h:40:10: fatal error: hv/Event.h: No such file or directory
src/printer/ams_backend_toolchanger.cpp,D,hv/Event.h,include/moonraker_client.h,/home/pbrown/Code/Printing/helixscreen/include/moonraker_client.h:40:10: fatal error: hv/Event.h: No such file or directory
src/printer/ams_state.cpp,D,hv/Event.h,include/moonraker_client.h,/home/pbrown/Code/Printing/helixscreen/include/moonraker_client.h:40:10: fatal error: hv/Event.h: No such file or directory
src/printer/ams_subscription_backend.cpp,D,hv/Event.h,include/moonraker_client.h,/home/pbrown/Code/Printing/helixscreen/include/moonraker_client.h:40:10: fatal error: hv/Event.h: No such file or directory
src/printer/consumption_sink.cpp,B,spdlog/fmt/json via shim,,
src/printer/detection_manager.cpp,D,hv/Event.h,include/moonraker_client.h,/home/pbrown/Code/Printing/helixscreen/include/moonraker_client.h:40:10: fatal error: hv/Event.h: No such file or directory
src/printer/filament_catalog.cpp,B,spdlog/fmt/json via shim,,
src/printer/filament_consumption_tracker.cpp,D,hv/Event.h,include/moonraker_client.h,/home/pbrown/Code/Printing/helixscreen/include/moonraker_client.h:40:10: fatal error: hv/Event.h: No such file or directory
src/printer/filament_mapper.cpp,A,,,
src/printer/filament_slot_override_store.cpp,D,hv/Event.h,include/moonraker_client.h,/home/pbrown/Code/Printing/helixscreen/include/moonraker_client.h:40:10: fatal error: hv/Event.h: No such file or directory
src/printer/hardware_role_registry.cpp,B,spdlog/fmt/json via shim,,
src/printer/hardware_validator.cpp,B,spdlog/fmt/json via shim,,
src/printer/hh_defaults.cpp,A,,,
src/printer/macro_executor.cpp,D,hv/Event.h,include/moonraker_client.h,/home/pbrown/Code/Printing/helixscreen/include/moonraker_client.h:40:10: fatal error: hv/Event.h: No such file or directory
src/printer/macro_fan_analyzer.cpp,B,spdlog/fmt/json via shim,,
src/printer/macro_manager.cpp,D,hv/Event.h,include/moonraker_client.h,/home/pbrown/Code/Printing/helixscreen/include/moonraker_client.h:40:10: fatal error: hv/Event.h: No such file or directory
src/printer/macro_modification_manager.cpp,D,hv/Event.h,include/moonraker_client.h,/home/pbrown/Code/Printing/helixscreen/include/moonraker_client.h:40:10: fatal error: hv/Event.h: No such file or directory
src/printer/macro_param_cache.cpp,B,spdlog/fmt/json via shim,,
src/printer/pause_cause.cpp,A,,,
src/printer/power_device_state.cpp,D,hv/Event.h,include/moonraker_client.h,/home/pbrown/Code/Printing/helixscreen/include/moonraker_client.h:40:10: fatal error: hv/Event.h: No such file or directory
src/printer/pre_print_option.cpp,B,spdlog/fmt/json via shim,,
src/printer/preflight_validator.cpp,A,,,
src/printer/print_lifecycle_state.cpp,B,spdlog/fmt/json via shim,,
src/printer/printer_calibration_state.cpp,B,spdlog/fmt/json via shim,,
src/printer/printer_capabilities_state.cpp,B,spdlog/fmt/json via shim,,
src/printer/printer_composite_visibility_state.cpp,B,spdlog/fmt/json via shim,,
src/printer/printer_detector.cpp,B,spdlog/fmt/json via shim,,
src/printer/printer_discovery.cpp,D,hv/Event.h,include/moonraker_client.h,/home/pbrown/Code/Printing/helixscreen/include/moonraker_client.h:40:10: fatal error: hv/Event.h: No such file or directory
src/printer/printer_excluded_objects_state.cpp,B,spdlog/fmt/json via shim,,
src/printer/printer_fan_state.cpp,B,spdlog/fmt/json via shim,,
src/printer/printer_hardware.cpp,B,spdlog/fmt/json via shim,,
src/printer/printer_hardware_validation_state.cpp,B,spdlog/fmt/json via shim,,
src/printer/printer_led_state.cpp,B,spdlog/fmt/json via shim,,
src/printer/printer_motion_state.cpp,B,spdlog/fmt/json via shim,,
src/printer/printer_network_state.cpp,D,hv/Event.h,include/moonraker_client.h,/home/pbrown/Code/Printing/helixscreen/include/moonraker_client.h:40:10: fatal error: hv/Event.h: No such file or directory
src/printer/printer_plugin_status_state.cpp,B,spdlog/fmt/json via shim,,
src/printer/printer_print_state.cpp,B,spdlog/fmt/json via shim,,
src/printer/printer_recovery_service.cpp,D,hv/Event.h,include/moonraker_client.h,/home/pbrown/Code/Printing/helixscreen/include/moonraker_client.h:40:10: fatal error: hv/Event.h: No such file or directory
src/printer/printer_state.cpp,D,hv/Event.h,include/moonraker_client.h,/home/pbrown/Code/Printing/helixscreen/include/moonraker_client.h:40:10: fatal error: hv/Event.h: No such file or directory
src/printer/printer_temperature_state.cpp,B,spdlog/fmt/json via shim,,
src/printer/printer_versions_state.cpp,B,spdlog/fmt/json via shim,,
src/printer/sensor_state.cpp,D,hv/Event.h,include/moonraker_client.h,/home/pbrown/Code/Printing/helixscreen/include/moonraker_client.h:40:10: fatal error: hv/Event.h: No such file or directory
src/printer/slot_registry.cpp,A,,,
src/printer/snapmaker_resume.cpp,A,,,
src/printer/spoolman_manager.cpp,D,hv/Event.h,include/moonraker_client.h,/home/pbrown/Code/Printing/helixscreen/include/moonraker_client.h:40:10: fatal error: hv/Event.h: No such file or directory
src/printer/spoolman_types.cpp,A,,,
src/printer/standard_macros.cpp,D,hv/Event.h,include/moonraker_client.h,/home/pbrown/Code/Printing/helixscreen/include/moonraker_client.h:40:10: fatal error: hv/Event.h: No such file or directory
src/printer/timelapse_state.cpp,B,spdlog/fmt/json via shim,,
src/printer/tool_state.cpp,D,hv/Event.h,include/moonraker_client.h,/home/pbrown/Code/Printing/helixscreen/include/moonraker_client.h:40:10: fatal error: hv/Event.h: No such file or directory
src/printer/u1_stock_detection_source.cpp,D,hv/Event.h,include/moonraker_client.h,/home/pbrown/Code/Printing/helixscreen/include/moonraker_client.h:40:10: fatal error: hv/Event.h: No such file or directory
src/system/alsa_device_enum.cpp,B,spdlog/fmt/json via shim,,
src/system/alsa_sound_backend.cpp,B,spdlog/fmt/json via shim,,
src/system/async_lifetime_guard.cpp,B,spdlog/fmt/json via shim,,
src/system/audio_settings_manager.cpp,B,spdlog/fmt/json via shim,,
src/system/bluetooth_loader.cpp,D,dlfcn.h,,/home/pbrown/Code/Printing/helixscreen/src/system/bluetooth_loader.cpp:9:10: fatal error: dlfcn.h: No such file or directory
src/system/brother_pt_bt_printer.cpp,B,spdlog/fmt/json via shim,,
src/system/brother_pt_protocol.cpp,A,,,
src/system/brother_ql_bt_printer.cpp,B,spdlog/fmt/json via shim,,
src/system/brother_ql_printer.cpp,B,spdlog/fmt/json via shim,,
src/system/brother_ql_protocol.cpp,A,,,
src/system/bt_print_utils.cpp,D,Bluetooth stack (BlueZ/RFCOMM); first error: poll.h,,/home/pbrown/Code/Printing/helixscreen/src/system/bt_print_utils.cpp:13:10: fatal error: poll.h: No such file or directory
src/system/camera_stream.cpp,D,hv/requests.h,,/home/pbrown/Code/Printing/helixscreen/src/system/camera_stream.cpp:10:10: fatal error: hv/requests.h: No such file or directory
src/system/capability_overrides.cpp,B,spdlog/fmt/json via shim,,
src/system/cjk_font_manager.cpp,B,spdlog/fmt/json via shim,,
src/system/cli_args.cpp,B,spdlog/fmt/json via shim,,
src/system/config.cpp,B,spdlog/fmt/json via shim,,
src/system/config_backup.cpp,B,spdlog/fmt/json via shim,,
src/system/crash_error_log_sink.cpp,C,spdlog/sinks/base_sink.h,include/system/crash_error_log_sink.h,/home/pbrown/Code/Printing/helixscreen/include/system/crash_error_log_sink.h:7:10: fatal error: spdlog/sinks/base_sink.h: No such file or directory
src/system/crash_handler.cpp,D,ucontext.h,,/home/pbrown/Code/Printing/helixscreen/src/system/crash_handler.cpp:41:10: fatal error: ucontext.h: No such file or directory
src/system/crash_history.cpp,B,spdlog/fmt/json via shim,,
src/system/crash_reporter.cpp,D,hv/requests.h,,/home/pbrown/Code/Printing/helixscreen/src/system/crash_reporter.cpp:7:10: fatal error: hv/requests.h: No such file or directory
src/system/debug_bundle_collector.cpp,D,hv/requests.h,,/home/pbrown/Code/Printing/helixscreen/src/system/debug_bundle_collector.cpp:11:10: fatal error: hv/requests.h: No such file or directory
src/system/display_settings_manager.cpp,B,spdlog/fmt/json via shim,,
src/system/helix_lvgl_anomaly.cpp,A,,,
src/system/helix_paths.cpp,C,sys/statvfs.h,,/home/pbrown/Code/Printing/helixscreen/src/system/helix_paths.cpp:14:10: fatal error: sys/statvfs.h: No such file or directory
src/system/helix_plugin_installer.cpp,D,hv/Event.h,include/moonraker_client.h,/home/pbrown/Code/Printing/helixscreen/include/moonraker_client.h:40:10: fatal error: hv/Event.h: No such file or directory
src/system/host_identity.cpp,C,ifaddrs.h,,/home/pbrown/Code/Printing/helixscreen/src/system/host_identity.cpp:9:10: fatal error: ifaddrs.h: No such file or directory
src/system/http_android.cpp,B,spdlog/fmt/json via shim,,
src/system/http_executor.cpp,B,spdlog/fmt/json via shim,,
src/system/input_settings_manager.cpp,B,spdlog/fmt/json via shim,,
src/system/ipp_printer.cpp,D,hv/requests.h,,/home/pbrown/Code/Printing/helixscreen/src/system/ipp_printer.cpp:11:10: fatal error: hv/requests.h: No such file or directory
src/system/ipp_protocol.cpp,B,spdlog/fmt/json via shim,,
src/system/klipper_config_editor.cpp,D,hv/Event.h,include/moonraker_client.h,/home/pbrown/Code/Printing/helixscreen/include/moonraker_client.h:40:10: fatal error: hv/Event.h: No such file or directory
src/system/klipper_config_includes.cpp,D,hv/Event.h,include/moonraker_client.h,/home/pbrown/Code/Printing/helixscreen/include/moonraker_client.h:40:10: fatal error: hv/Event.h: No such file or directory
src/system/klipper_config_parser.cpp,B,spdlog/fmt/json via shim,,
src/system/label_bitmap.cpp,B,spdlog/fmt/json via shim,,
src/system/label_printer.cpp,A,,,
src/system/label_printer_settings.cpp,B,spdlog/fmt/json via shim,,
src/system/label_printer_utils.cpp,B,spdlog/fmt/json via shim,,
src/system/label_renderer.cpp,B,spdlog/fmt/json via shim,,
src/system/lock_manager.cpp,B,spdlog/fmt/json via shim,,
src/system/log_collector.cpp,B,spdlog/fmt/json via shim,,
src/system/log_path_probe.cpp,C,sys/statvfs.h,,/home/pbrown/Code/Printing/helixscreen/src/system/log_path_probe.cpp:9:10: fatal error: sys/statvfs.h: No such file or directory
src/system/logging_init.cpp,D,hv/hlog.h,,/home/pbrown/Code/Printing/helixscreen/src/system/logging_init.cpp:6:10: fatal error: hv/hlog.h: No such file or directory
src/system/lvgl_image_writer.cpp,B,spdlog/fmt/json via shim,,
src/system/lvgl_log_handler.cpp,B,spdlog/fmt/json via shim,,
src/system/m300_sound_backend.cpp,B,spdlog/fmt/json via shim,,
src/system/makeid_bt_printer.cpp,D,Bluetooth stack (BlueZ/RFCOMM); first error: poll.h,,/home/pbrown/Code/Printing/helixscreen/src/system/makeid_bt_printer.cpp:19:10: fatal error: poll.h: No such file or directory
src/system/makeid_protocol.cpp,B,spdlog/fmt/json via shim,,
src/system/material_settings_manager.cpp,B,spdlog/fmt/json via shim,,
src/system/memory_monitor.cpp,B,spdlog/fmt/json via shim,,
src/system/memory_profiling.cpp,C,POSIX signal API (newlib lacks SA_* flags),,/home/pbrown/Code/Printing/helixscreen/src/system/memory_profiling.cpp:124:19: error: 'SA_RESTART' was not declared in this scope
src/system/memory_utils.cpp,B,spdlog/fmt/json via shim,,
src/system/mock_performance_source.cpp,B,spdlog/fmt/json via shim,,
src/system/moonraker_config_manager.cpp,A,,,
src/system/moonraker_performance_source.cpp,D,hv/Event.h,include/moonraker_client.h,/home/pbrown/Code/Printing/helixscreen/include/moonraker_client.h:40:10: fatal error: hv/Event.h: No such file or directory
src/system/network_tester.cpp,B,spdlog/fmt/json via shim,,
src/system/niimbot_bt_printer.cpp,B,spdlog/fmt/json via shim,,
src/system/niimbot_protocol.cpp,B,spdlog/fmt/json via shim,,
src/system/panel_widget_config.cpp,B,spdlog/fmt/json via shim,,
src/system/pending_startup_warnings.cpp,B,spdlog/fmt/json via shim,,
src/system/performance_state.cpp,B,spdlog/fmt/json via shim,,
src/system/phomemo_bt_printer.cpp,B,spdlog/fmt/json via shim,,
src/system/phomemo_printer.cpp,B,spdlog/fmt/json via shim,,
src/system/phomemo_protocol.cpp,A,,,
src/system/platform_capabilities.cpp,B,spdlog/fmt/json via shim,,
src/system/platform_info.cpp,C,sys/utsname.h,,/home/pbrown/Code/Printing/helixscreen/src/system/platform_info.cpp:8:10: fatal error: sys/utsname.h: No such file or directory
src/system/post_op_cooldown_manager.cpp,B,spdlog/fmt/json via shim,,
src/system/prerendered_images.cpp,B,spdlog/fmt/json via shim,,
src/system/printer_image_manager.cpp,B,spdlog/fmt/json via shim,,
src/system/printer_name_sync.cpp,D,hv/Event.h,include/moonraker_client.h,/home/pbrown/Code/Printing/helixscreen/include/moonraker_client.h:40:10: fatal error: hv/Event.h: No such file or directory
src/system/pwg_raster.cpp,B,spdlog/fmt/json via shim,,
src/system/pwm_sound_backend.cpp,B,spdlog/fmt/json via shim,,
src/system/qr_decoder.cpp,B,spdlog/fmt/json via shim,,
src/system/runtime_config.cpp,B,spdlog/fmt/json via shim,,
src/system/safety_settings_manager.cpp,B,spdlog/fmt/json via shim,,
src/system/screenshot.cpp,B,spdlog/fmt/json via shim,,
src/system/sdl_sound_backend.cpp,B,spdlog/fmt/json via shim,,
src/system/settings_manager.cpp,D,hv/Event.h,include/moonraker_client.h,/home/pbrown/Code/Printing/helixscreen/include/moonraker_client.h:40:10: fatal error: hv/Event.h: No such file or directory
src/system/sha256_util.cpp,A,,,
src/system/sheet_label_layout.cpp,B,spdlog/fmt/json via shim,,
src/system/snapshot_qr_scanner.cpp,D,hv/requests.h,,/home/pbrown/Code/Printing/helixscreen/src/system/snapshot_qr_scanner.cpp:5:10: fatal error: hv/requests.h: No such file or directory
src/system/sound_manager.cpp,D,hv/Event.h,include/moonraker_client.h,/home/pbrown/Code/Printing/helixscreen/include/moonraker_client.h:40:10: fatal error: hv/Event.h: No such file or directory
src/system/sound_sequencer.cpp,B,spdlog/fmt/json via shim,,
src/system/sound_synthesis.cpp,B,spdlog/fmt/json via shim,,
src/system/sound_theme.cpp,B,spdlog/fmt/json via shim,,
src/system/streaming_policy.cpp,B,spdlog/fmt/json via shim,,
src/system/subject_debug_registry.cpp,B,spdlog/fmt/json via shim,,
src/system/system_power.cpp,B,spdlog/fmt/json via shim,,
src/system/system_settings_manager.cpp,B,spdlog/fmt/json via shim,,
src/system/telemetry_manager.cpp,D,hv/requests.h,,/home/pbrown/Code/Printing/helixscreen/src/system/telemetry_manager.cpp:20:10: fatal error: hv/requests.h: No such file or directory
src/system/timezone_env.cpp,B,spdlog/fmt/json via shim,,
src/system/tips_manager.cpp,B,spdlog/fmt/json via shim,,
src/system/tracker_module_med.cpp,B,spdlog/fmt/json via shim,,
src/system/tracker_module_mod.cpp,B,spdlog/fmt/json via shim,,
src/system/tracker_player.cpp,B,spdlog/fmt/json via shim,,
src/system/translation_loader.cpp,B,spdlog/fmt/json via shim,,
src/system/update_checker.cpp,D,hv/requests.h,,/home/pbrown/Code/Printing/helixscreen/src/system/update_checker.cpp:28:10: fatal error: hv/requests.h: No such file or directory
src/system/upgrade_nudge.cpp,B,spdlog/fmt/json via shim,,
src/system/usb_printer_detector.cpp,B,spdlog/fmt/json via shim,,
src/system/usb_scanner_monitor.cpp,B,spdlog/fmt/json via shim,,
src/system/wizard_step.cpp,A,,,
src/system/wizard_step_logic.cpp,A,,,
src/ui/action_prompt_manager.cpp,B,spdlog/fmt/json via shim,,
src/ui/action_prompt_modal.cpp,B,spdlog/fmt/json via shim,,
src/ui/ams_drawing_utils.cpp,B,spdlog/fmt/json via shim,,
src/ui/backdrop_blur.cpp,B,spdlog/fmt/json via shim,,
src/ui/console_filter_engine.cpp,B,spdlog/fmt/json via shim,,
src/ui/fan_spin_animation.cpp,A,,,
src/ui/filament_path_geometry.cpp,A,,,
src/ui/filament_tube_stroker.cpp,A,,,
src/ui/grid_edit_mode.cpp,C,int32_t=long on Xtensa (std::min/max/clamp arg mix),,"/home/pbrown/Code/Printing/helixscreen/src/ui/grid_edit_mode.cpp:399:38: error: no matching function for call to 'min(uint32_t, unsigned int)'"
src/ui/grid_layout.cpp,B,spdlog/fmt/json via shim,,
src/ui/helix_sparkline.cpp,D,hv/Event.h,include/moonraker_client.h,/home/pbrown/Code/Printing/helixscreen/include/moonraker_client.h:40:10: fatal error: hv/Event.h: No such file or directory
src/ui/ipp_print_modal.cpp,B,spdlog/fmt/json via shim,,
src/ui/job_queue_state.cpp,D,hv/Event.h,include/moonraker_client.h,/home/pbrown/Code/Printing/helixscreen/include/moonraker_client.h:40:10: fatal error: hv/Event.h: No such file or directory
src/ui/keyboard_layout_provider.cpp,A,,,
src/ui/locale_formats.cpp,B,spdlog/fmt/json via shim,,
src/ui/modals/buffer_status_modal.cpp,B,spdlog/fmt/json via shim,,
src/ui/modals/camera_config_modal.cpp,C,rtti (CONFIG_COMPILER_CXX_RTTI=y flips this),include/panel_widget_manager.h,/home/pbrown/Code/Printing/helixscreen/include/panel_widget_manager.h:40:51: error: cannot use 'typeid' with '-fno-rtti'
src/ui/modals/clog_detection_config_modal.cpp,D,hv/Event.h,include/moonraker_client.h,/home/pbrown/Code/Printing/helixscreen/include/moonraker_client.h:40:10: fatal error: hv/Event.h: No such file or directory
src/ui/modals/favorite_macro_config_modal.cpp,D,hv/Event.h,include/moonraker_client.h,/home/pbrown/Code/Printing/helixscreen/include/moonraker_client.h:40:10: fatal error: hv/Event.h: No such file or directory
src/ui/modals/macro_param_modal.cpp,B,spdlog/fmt/json via shim,,
src/ui/modals/ui_preflight_check_modal.cpp,B,spdlog/fmt/json via shim,,
src/ui/modals/ui_spaghetti_detection_modal.cpp,B,spdlog/fmt/json via shim,,
src/ui/operation_timeout_guard.cpp,B,spdlog/fmt/json via shim,,
src/ui/overlay_base.cpp,B,spdlog/fmt/json via shim,,
src/ui/page_scroll_auto_inject.cpp,B,spdlog/fmt/json via shim,,
src/ui/page_scroll_controller.cpp,B,spdlog/fmt/json via shim,,
src/ui/panel_widget_manager.cpp,D,hv/Event.h,include/moonraker_client.h,/home/pbrown/Code/Printing/helixscreen/include/moonraker_client.h:40:10: fatal error: hv/Event.h: No such file or directory
src/ui/panel_widget_registry.cpp,B,spdlog/fmt/json via shim,,
src/ui/panel_widgets/active_spool_widget.cpp,D,hv/Event.h,include/moonraker_client.h,/home/pbrown/Code/Printing/helixscreen/include/moonraker_client.h:40:10: fatal error: hv/Event.h: No such file or directory
src/ui/panel_widgets/camera_widget.cpp,D,hv/Event.h,include/moonraker_client.h,/home/pbrown/Code/Printing/helixscreen/include/moonraker_client.h:40:10: fatal error: hv/Event.h: No such file or directory
src/ui/panel_widgets/clock_widget.cpp,B,spdlog/fmt/json via shim,,
src/ui/panel_widgets/clog_detection_widget.cpp,B,spdlog/fmt/json via shim,,
src/ui/panel_widgets/control_buttons_widget.cpp,B,spdlog/fmt/json via shim,,
src/ui/panel_widgets/fan_stack_widget.cpp,D,hv/Event.h,include/moonraker_client.h,/home/pbrown/Code/Printing/helixscreen/include/moonraker_client.h:40:10: fatal error: hv/Event.h: No such file or directory
src/ui/panel_widgets/fan_widget.cpp,D,hv/Event.h,include/moonraker_client.h,/home/pbrown/Code/Printing/helixscreen/include/moonraker_client.h:40:10: fatal error: hv/Event.h: No such file or directory
src/ui/panel_widgets/gcode_console_widget.cpp,B,spdlog/fmt/json via shim,,
src/ui/panel_widgets/heater_temp_widget.cpp,D,hv/Event.h,include/moonraker_client.h,/home/pbrown/Code/Printing/helixscreen/include/moonraker_client.h:40:10: fatal error: hv/Event.h: No such file or directory
src/ui/panel_widgets/humidity_widget.cpp,D,hv/Event.h,include/moonraker_client.h,/home/pbrown/Code/Printing/helixscreen/include/moonraker_client.h:40:10: fatal error: hv/Event.h: No such file or directory
src/ui/panel_widgets/job_queue_widget.cpp,D,hv/Event.h,include/moonraker_client.h,/home/pbrown/Code/Printing/helixscreen/include/moonraker_client.h:40:10: fatal error: hv/Event.h: No such file or directory
src/ui/panel_widgets/led_controls_widget.cpp,D,hv/Event.h,include/moonraker_client.h,/home/pbrown/Code/Printing/helixscreen/include/moonraker_client.h:40:10: fatal error: hv/Event.h: No such file or directory
src/ui/panel_widgets/led_widget.cpp,D,hv/Event.h,include/moonraker_client.h,/home/pbrown/Code/Printing/helixscreen/include/moonraker_client.h:40:10: fatal error: hv/Event.h: No such file or directory
src/ui/panel_widgets/lock_widget.cpp,C,rtti (CONFIG_COMPILER_CXX_RTTI=y flips this),include/panel_widget_manager.h,/home/pbrown/Code/Printing/helixscreen/include/panel_widget_manager.h:40:51: error: cannot use 'typeid' with '-fno-rtti'
src/ui/panel_widgets/macros_widget.cpp,B,spdlog/fmt/json via shim,,
src/ui/panel_widgets/motion_widget.cpp,B,spdlog/fmt/json via shim,,
src/ui/panel_widgets/network_widget.cpp,B,spdlog/fmt/json via shim,,
src/ui/panel_widgets/nozzle_temps_widget.cpp,D,hv/Event.h,include/moonraker_client.h,/home/pbrown/Code/Printing/helixscreen/include/moonraker_client.h:40:10: fatal error: hv/Event.h: No such file or directory
src/ui/panel_widgets/preheat_widget.cpp,D,hv/Event.h,include/moonraker_client.h,/home/pbrown/Code/Printing/helixscreen/include/moonraker_client.h:40:10: fatal error: hv/Event.h: No such file or directory
src/ui/panel_widgets/print_stats_widget.cpp,B,spdlog/fmt/json via shim,,
src/ui/panel_widgets/print_status_widget.cpp,D,hv/Event.h,include/moonraker_client.h,/home/pbrown/Code/Printing/helixscreen/include/moonraker_client.h:40:10: fatal error: hv/Event.h: No such file or directory
src/ui/panel_widgets/printer_image_widget.cpp,B,spdlog/fmt/json via shim,,
src/ui/panel_widgets/shutdown_widget.cpp,D,hv/Event.h,include/moonraker_client.h,/home/pbrown/Code/Printing/helixscreen/include/moonraker_client.h:40:10: fatal error: hv/Event.h: No such file or directory
src/ui/panel_widgets/temp_graph_widget.cpp,B,spdlog/fmt/json via shim,,
src/ui/panel_widgets/temp_stack_widget.cpp,D,hv/Event.h,include/moonraker_client.h,/home/pbrown/Code/Printing/helixscreen/include/moonraker_client.h:40:10: fatal error: hv/Event.h: No such file or directory
src/ui/panel_widgets/thermistor_widget.cpp,D,hv/Event.h,include/moonraker_client.h,/home/pbrown/Code/Printing/helixscreen/include/moonraker_client.h:40:10: fatal error: hv/Event.h: No such file or directory
src/ui/panel_widgets/tips_widget.cpp,B,spdlog/fmt/json via shim,,
src/ui/panel_widgets/tool_switcher_widget.cpp,D,hv/Event.h,include/moonraker_client.h,/home/pbrown/Code/Printing/helixscreen/include/moonraker_client.h:40:10: fatal error: hv/Event.h: No such file or directory
src/ui/panel_widgets/width_sensor_widget.cpp,D,hv/Event.h,include/moonraker_client.h,/home/pbrown/Code/Printing/helixscreen/include/moonraker_client.h:40:10: fatal error: hv/Event.h: No such file or directory
src/ui/pid_progress_tracker.cpp,A,,,
src/ui/print_control_buttons.cpp,D,hv/Event.h,include/moonraker_client.h,/home/pbrown/Code/Printing/helixscreen/include/moonraker_client.h:40:10: fatal error: hv/Event.h: No such file or directory
src/ui/print_control_view.cpp,A,,,
src/ui/recovery_modal_presenter.cpp,D,hv/Event.h,include/moonraker_client.h,/home/pbrown/Code/Printing/helixscreen/include/moonraker_client.h:40:10: fatal error: hv/Event.h: No such file or directory
src/ui/screensaver_manager.cpp,B,spdlog/fmt/json via shim,,
src/ui/screensaver_pipes.cpp,B,spdlog/fmt/json via shim,,
src/ui/screensaver_starfield.cpp,B,spdlog/fmt/json via shim,,
src/ui/setting_group.cpp,B,spdlog/fmt/json via shim,,
src/ui/splash_screen.cpp,B,spdlog/fmt/json via shim,,
src/ui/style_configs.cpp,A,,,
src/ui/temp_graph_controller.cpp,D,hv/Event.h,include/moonraker_client.h,/home/pbrown/Code/Printing/helixscreen/include/moonraker_client.h:40:10: fatal error: hv/Event.h: No such file or directory
src/ui/temperature_controller.cpp,D,hv/Event.h,include/moonraker_client.h,/home/pbrown/Code/Printing/helixscreen/include/moonraker_client.h:40:10: fatal error: hv/Event.h: No such file or directory
src/ui/temperature_service.cpp,D,hv/Event.h,include/moonraker_client.h,/home/pbrown/Code/Printing/helixscreen/include/moonraker_client.h:40:10: fatal error: hv/Event.h: No such file or directory
src/ui/theme_loader.cpp,B,spdlog/fmt/json via shim,,
src/ui/theme_manager.cpp,B,spdlog/fmt/json via shim,,
src/ui/theme_manager_new.cpp,A,,,
src/ui/touch_calibration.cpp,B,spdlog/fmt/json via shim,,
src/ui/touch_calibration_panel.cpp,B,spdlog/fmt/json via shim,,
src/ui/touch_calibration_session.cpp,B,spdlog/fmt/json via shim,,
src/ui/tour/first_run_tour.cpp,D,hv/Event.h,include/moonraker_client.h,/home/pbrown/Code/Printing/helixscreen/include/moonraker_client.h:40:10: fatal error: hv/Event.h: No such file or directory
src/ui/tour/tour_overlay.cpp,B,spdlog/fmt/json via shim,,
src/ui/tour/tour_steps.cpp,A,,,
src/ui/ui_ams_context_menu.cpp,B,spdlog/fmt/json via shim,,
src/ui/ui_ams_current_tool.cpp,D,hv/Event.h,include/moonraker_client.h,/home/pbrown/Code/Printing/helixscreen/include/moonraker_client.h:40:10: fatal error: hv/Event.h: No such file or directory
src/ui/ui_ams_detail.cpp,C,int32_t=long on Xtensa (std::min/max/clamp arg mix),,"/home/pbrown/Code/Printing/helixscreen/src/ui/ui_ams_detail.cpp:377:29: error: no matching function for call to 'max(long int, const int&)'"
src/ui/ui_ams_device_operations_overlay.cpp,B,spdlog/fmt/json via shim,,
src/ui/ui_ams_device_section_detail_overlay.cpp,B,spdlog/fmt/json via shim,,
src/ui/ui_ams_edit_overlay.cpp,D,hv/Event.h,include/moonraker_client.h,/home/pbrown/Code/Printing/helixscreen/include/moonraker_client.h:40:10: fatal error: hv/Event.h: No such file or directory
src/ui/ui_ams_environment_overlay.cpp,D,hv/Event.h,include/moonraker_client.h,/home/pbrown/Code/Printing/helixscreen/include/moonraker_client.h:40:10: fatal error: hv/Event.h: No such file or directory
src/ui/ui_ams_loading_error_modal.cpp,B,spdlog/fmt/json via shim,,
src/ui/ui_ams_mini_status.cpp,D,hv/Event.h,include/moonraker_client.h,/home/pbrown/Code/Printing/helixscreen/include/moonraker_client.h:40:10: fatal error: hv/Event.h: No such file or directory
src/ui/ui_ams_selector_menu.cpp,B,spdlog/fmt/json via shim,,
src/ui/ui_ams_sidebar.cpp,D,hv/Event.h,include/moonraker_client.h,/home/pbrown/Code/Printing/helixscreen/include/moonraker_client.h:40:10: fatal error: hv/Event.h: No such file or directory
src/ui/ui_ams_slot.cpp,D,hv/Event.h,include/moonraker_client.h,/home/pbrown/Code/Printing/helixscreen/include/moonraker_client.h:40:10: fatal error: hv/Event.h: No such file or directory
src/ui/ui_ams_tool_text.cpp,D,hv/Event.h,include/moonraker_client.h,/home/pbrown/Code/Printing/helixscreen/include/moonraker_client.h:40:10: fatal error: hv/Event.h: No such file or directory
src/ui/ui_bed_mesh.cpp,B,spdlog/fmt/json via shim,,
src/ui/ui_buffer_meter.cpp,B,spdlog/fmt/json via shim,,
src/ui/ui_busy_overlay.cpp,B,spdlog/fmt/json via shim,,
src/ui/ui_button.cpp,B,spdlog/fmt/json via shim,,
src/ui/ui_bypass_spool_widget.cpp,A,,,
src/ui/ui_card.cpp,B,spdlog/fmt/json via shim,,
src/ui/ui_carousel.cpp,B,spdlog/fmt/json via shim,,
src/ui/ui_change_host_modal.cpp,D,hv/Event.h,include/moonraker_client.h,/home/pbrown/Code/Printing/helixscreen/include/moonraker_client.h:40:10: fatal error: hv/Event.h: No such file or directory
src/ui/ui_clog_meter.cpp,D,hv/Event.h,include/moonraker_client.h,/home/pbrown/Code/Printing/helixscreen/include/moonraker_client.h:40:10: fatal error: hv/Event.h: No such file or directory
src/ui/ui_coalesced_timer.cpp,A,,,
src/ui/ui_color_picker.cpp,B,spdlog/fmt/json via shim,,
src/ui/ui_component_header_bar.cpp,B,spdlog/fmt/json via shim,,
src/ui/ui_component_keypad.cpp,B,spdlog/fmt/json via shim,,
src/ui/ui_confetti.cpp,B,spdlog/fmt/json via shim,,
src/ui/ui_context_menu.cpp,B,spdlog/fmt/json via shim,,
src/ui/ui_crash_report_modal.cpp,B,spdlog/fmt/json via shim,,
src/ui/ui_debug_bundle_modal.cpp,B,spdlog/fmt/json via shim,,
src/ui/ui_dialog.cpp,B,spdlog/fmt/json via shim,,
src/ui/ui_effects.cpp,B,spdlog/fmt/json via shim,,
src/ui/ui_emergency_stop.cpp,D,hv/Event.h,include/moonraker_client.h,/home/pbrown/Code/Printing/helixscreen/include/moonraker_client.h:40:10: fatal error: hv/Event.h: No such file or directory
src/ui/ui_endless_spool_arrows.cpp,B,spdlog/fmt/json via shim,,
src/ui/ui_exclude_object_map_view.cpp,D,hv/Event.h,include/moonraker_client.h,/home/pbrown/Code/Printing/helixscreen/include/moonraker_client.h:40:10: fatal error: hv/Event.h: No such file or directory
src/ui/ui_exclude_object_modal.cpp,A,,,
src/ui/ui_exclude_object_side_list.cpp,D,hv/Event.h,include/moonraker_client.h,/home/pbrown/Code/Printing/helixscreen/include/moonraker_client.h:40:10: fatal error: hv/Event.h: No such file or directory
src/ui/ui_external_spool_menu.cpp,B,spdlog/fmt/json via shim,,
src/ui/ui_fan_arc_resize.cpp,B,spdlog/fmt/json via shim,,
src/ui/ui_fan_control_overlay.cpp,D,hv/Event.h,include/moonraker_client.h,/home/pbrown/Code/Printing/helixscreen/include/moonraker_client.h:40:10: fatal error: hv/Event.h: No such file or directory
src/ui/ui_fan_dial.cpp,B,spdlog/fmt/json via shim,,
src/ui/ui_fatal_error.cpp,A,,,
src/ui/ui_filament_catalog_picker.cpp,B,spdlog/fmt/json via shim,,
src/ui/ui_filament_catalog_selector.cpp,B,spdlog/fmt/json via shim,,
src/ui/ui_filament_mapping_card.cpp,B,spdlog/fmt/json via shim,,
src/ui/ui_filament_mapping_modal.cpp,B,spdlog/fmt/json via shim,,
src/ui/ui_filament_path_anim.cpp,B,spdlog/fmt/json via shim,,
src/ui/ui_filament_path_canvas.cpp,B,spdlog/fmt/json via shim,,
src/ui/ui_filament_path_glyphs.cpp,A,,,
src/ui/ui_filament_path_layers.cpp,B,spdlog/fmt/json via shim,,
src/ui/ui_filament_path_topology.cpp,A,,,
src/ui/ui_filament_runout_handler.cpp,D,hv/Event.h,include/moonraker_client.h,/home/pbrown/Code/Printing/helixscreen/include/moonraker_client.h:40:10: fatal error: hv/Event.h: No such file or directory
src/ui/ui_filament_slot_picker.cpp,B,spdlog/fmt/json via shim,,
src/ui/ui_filename_utils.cpp,B,spdlog/fmt/json via shim,,
src/ui/ui_format_utils.cpp,A,,,
src/ui/ui_frequency_response_chart.cpp,B,spdlog/fmt/json via shim,,
src/ui/ui_gcode_viewer.cpp,B,spdlog/fmt/json via shim,,
src/ui/ui_gradient_canvas.cpp,B,spdlog/fmt/json via shim,,
src/ui/ui_heating_animator.cpp,B,spdlog/fmt/json via shim,,
src/ui/ui_history_list_view.cpp,B,spdlog/fmt/json via shim,,
src/ui/ui_hsv_picker.cpp,C,int32_t=long on Xtensa (std::min/max/clamp arg mix),,"/home/pbrown/Code/Printing/helixscreen/src/ui/ui_hsv_picker.cpp:274:19: error: no matching function for call to 'clamp(int32_t&, int, long int)'"
src/ui/ui_icon.cpp,B,spdlog/fmt/json via shim,,
src/ui/ui_icon_loader.cpp,B,spdlog/fmt/json via shim,,
src/ui/ui_image_helpers.cpp,B,spdlog/fmt/json via shim,,
src/ui/ui_info_qr_modal.cpp,B,spdlog/fmt/json via shim,,
src/ui/ui_job_queue_modal.cpp,D,hv/Event.h,include/moonraker_client.h,/home/pbrown/Code/Printing/helixscreen/include/moonraker_client.h:40:10: fatal error: hv/Event.h: No such file or directory
src/ui/ui_jog_pad.cpp,B,spdlog/fmt/json via shim,,
src/ui/ui_keyboard_manager.cpp,B,spdlog/fmt/json via shim,,
src/ui/ui_led_chip_factory.cpp,B,spdlog/fmt/json via shim,,
src/ui/ui_led_control_overlay.cpp,D,hv/Event.h,include/moonraker_client.h,/home/pbrown/Code/Printing/helixscreen/include/moonraker_client.h:40:10: fatal error: hv/Event.h: No such file or directory
src/ui/ui_lock_screen.cpp,B,spdlog/fmt/json via shim,,
src/ui/ui_macro_enhance_wizard.cpp,D,hv/Event.h,include/moonraker_client.h,/home/pbrown/Code/Printing/helixscreen/include/moonraker_client.h:40:10: fatal error: hv/Event.h: No such file or directory
src/ui/ui_markdown.cpp,B,spdlog/fmt/json via shim,,
src/ui/ui_modal.cpp,B,spdlog/fmt/json via shim,,
src/ui/ui_multiselect.cpp,B,spdlog/fmt/json via shim,,
src/ui/ui_nav_manager.cpp,D,hv/Event.h,include/moonraker_client.h,/home/pbrown/Code/Printing/helixscreen/include/moonraker_client.h:40:10: fatal error: hv/Event.h: No such file or directory
src/ui/ui_notification.cpp,B,spdlog/fmt/json via shim,,
src/ui/ui_notification_badge.cpp,B,spdlog/fmt/json via shim,,
src/ui/ui_notification_history.cpp,B,spdlog/fmt/json via shim,,
src/ui/ui_notification_manager.cpp,B,spdlog/fmt/json via shim,,
src/ui/ui_overlay_console_settings.cpp,B,spdlog/fmt/json via shim,,
src/ui/ui_overlay_network_settings.cpp,B,spdlog/fmt/json via shim,,
src/ui/ui_overlay_performance.cpp,D,hv/Event.h,include/moonraker_client.h,/home/pbrown/Code/Printing/helixscreen/include/moonraker_client.h:40:10: fatal error: hv/Event.h: No such file or directory
src/ui/ui_overlay_printer_image.cpp,B,spdlog/fmt/json via shim,,
src/ui/ui_overlay_qr_scanner.cpp,D,hv/Event.h,include/moonraker_client.h,/home/pbrown/Code/Printing/helixscreen/include/moonraker_client.h:40:10: fatal error: hv/Event.h: No such file or directory
src/ui/ui_overlay_retraction_settings.cpp,D,hv/Event.h,include/moonraker_client.h,/home/pbrown/Code/Printing/helixscreen/include/moonraker_client.h:40:10: fatal error: hv/Event.h: No such file or directory
src/ui/ui_overlay_temp_graph.cpp,C,rtti (CONFIG_COMPILER_CXX_RTTI=y flips this),include/panel_widget_manager.h,/home/pbrown/Code/Printing/helixscreen/include/panel_widget_manager.h:40:51: error: cannot use 'typeid' with '-fno-rtti'
src/ui/ui_overlay_timelapse_install.cpp,D,hv/Event.h,include/moonraker_client.h,/home/pbrown/Code/Printing/helixscreen/include/moonraker_client.h:40:10: fatal error: hv/Event.h: No such file or directory
src/ui/ui_overlay_timelapse_settings.cpp,D,hv/Event.h,include/moonraker_client.h,/home/pbrown/Code/Printing/helixscreen/include/moonraker_client.h:40:10: fatal error: hv/Event.h: No such file or directory
src/ui/ui_overlay_timelapse_videos.cpp,D,hv/Event.h,include/moonraker_client.h,/home/pbrown/Code/Printing/helixscreen/include/moonraker_client.h:40:10: fatal error: hv/Event.h: No such file or directory
src/ui/ui_panel_advanced.cpp,D,hv/Event.h,include/moonraker_client.h,/home/pbrown/Code/Printing/helixscreen/include/moonraker_client.h:40:10: fatal error: hv/Event.h: No such file or directory
src/ui/ui_panel_ams.cpp,D,hv/Event.h,include/moonraker_client.h,/home/pbrown/Code/Printing/helixscreen/include/moonraker_client.h:40:10: fatal error: hv/Event.h: No such file or directory
src/ui/ui_panel_ams_overview.cpp,D,hv/Event.h,include/moonraker_client.h,/home/pbrown/Code/Printing/helixscreen/include/moonraker_client.h:40:10: fatal error: hv/Event.h: No such file or directory
src/ui/ui_panel_base.cpp,D,hv/Event.h,include/moonraker_client.h,/home/pbrown/Code/Printing/helixscreen/include/moonraker_client.h:40:10: fatal error: hv/Event.h: No such file or directory
src/ui/ui_panel_bed_mesh.cpp,D,hv/Event.h,include/moonraker_client.h,/home/pbrown/Code/Printing/helixscreen/include/moonraker_client.h:40:10: fatal error: hv/Event.h: No such file or directory
src/ui/ui_panel_belt_tension.cpp,D,hv/Event.h,include/moonraker_client.h,/home/pbrown/Code/Printing/helixscreen/include/moonraker_client.h:40:10: fatal error: hv/Event.h: No such file or directory
src/ui/ui_panel_calibration_pid.cpp,D,hv/Event.h,include/moonraker_client.h,/home/pbrown/Code/Printing/helixscreen/include/moonraker_client.h:40:10: fatal error: hv/Event.h: No such file or directory
src/ui/ui_panel_calibration_zoffset.cpp,D,hv/Event.h,include/moonraker_client.h,/home/pbrown/Code/Printing/helixscreen/include/moonraker_client.h:40:10: fatal error: hv/Event.h: No such file or directory
src/ui/ui_panel_common.cpp,B,spdlog/fmt/json via shim,,
src/ui/ui_panel_console.cpp,D,hv/Event.h,include/moonraker_client.h,/home/pbrown/Code/Printing/helixscreen/include/moonraker_client.h:40:10: fatal error: hv/Event.h: No such file or directory
src/ui/ui_panel_controls.cpp,D,hv/Event.h,include/moonraker_client.h,/home/pbrown/Code/Printing/helixscreen/include/moonraker_client.h:40:10: fatal error: hv/Event.h: No such file or directory
src/ui/ui_panel_filament.cpp,D,hv/Event.h,include/moonraker_client.h,/home/pbrown/Code/Printing/helixscreen/include/moonraker_client.h:40:10: fatal error: hv/Event.h: No such file or directory
src/ui/ui_panel_gcode_test.cpp,B,spdlog/fmt/json via shim,,
src/ui/ui_panel_glyphs.cpp,B,spdlog/fmt/json via shim,,
src/ui/ui_panel_history_dashboard.cpp,D,hv/Event.h,include/moonraker_client.h,/home/pbrown/Code/Printing/helixscreen/include/moonraker_client.h:40:10: fatal error: hv/Event.h: No such file or directory
src/ui/ui_panel_history_list.cpp,D,hv/Event.h,include/moonraker_client.h,/home/pbrown/Code/Printing/helixscreen/include/moonraker_client.h:40:10: fatal error: hv/Event.h: No such file or directory
src/ui/ui_panel_home.cpp,D,hv/Event.h,include/moonraker_client.h,/home/pbrown/Code/Printing/helixscreen/include/moonraker_client.h:40:10: fatal error: hv/Event.h: No such file or directory
src/ui/ui_panel_input_shaper.cpp,D,hv/Event.h,include/moonraker_client.h,/home/pbrown/Code/Printing/helixscreen/include/moonraker_client.h:40:10: fatal error: hv/Event.h: No such file or directory
src/ui/ui_panel_macros.cpp,D,hv/Event.h,include/moonraker_client.h,/home/pbrown/Code/Printing/helixscreen/include/moonraker_client.h:40:10: fatal error: hv/Event.h: No such file or directory
src/ui/ui_panel_memory_stats.cpp,B,spdlog/fmt/json via shim,,
src/ui/ui_panel_motion.cpp,D,hv/Event.h,include/moonraker_client.h,/home/pbrown/Code/Printing/helixscreen/include/moonraker_client.h:40:10: fatal error: hv/Event.h: No such file or directory
src/ui/ui_panel_notification_history.cpp,B,spdlog/fmt/json via shim,,
src/ui/ui_panel_power.cpp,D,hv/Event.h,include/moonraker_client.h,/home/pbrown/Code/Printing/helixscreen/include/moonraker_client.h:40:10: fatal error: hv/Event.h: No such file or directory
src/ui/ui_panel_print_select.cpp,D,hv/Event.h,include/moonraker_client.h,/home/pbrown/Code/Printing/helixscreen/include/moonraker_client.h:40:10: fatal error: hv/Event.h: No such file or directory
src/ui/ui_panel_print_status.cpp,D,hv/Event.h,include/moonraker_client.h,/home/pbrown/Code/Printing/helixscreen/include/moonraker_client.h:40:10: fatal error: hv/Event.h: No such file or directory
src/ui/ui_panel_screws_tilt.cpp,D,hv/Event.h,include/moonraker_client.h,/home/pbrown/Code/Printing/helixscreen/include/moonraker_client.h:40:10: fatal error: hv/Event.h: No such file or directory
src/ui/ui_panel_settings.cpp,D,hv/Event.h,include/moonraker_client.h,/home/pbrown/Code/Printing/helixscreen/include/moonraker_client.h:40:10: fatal error: hv/Event.h: No such file or directory
src/ui/ui_panel_spoolman.cpp,D,hv/Event.h,include/moonraker_client.h,/home/pbrown/Code/Printing/helixscreen/include/moonraker_client.h:40:10: fatal error: hv/Event.h: No such file or directory
src/ui/ui_panel_step_test.cpp,B,spdlog/fmt/json via shim,,
src/ui/ui_panel_test.cpp,B,spdlog/fmt/json via shim,,
src/ui/ui_pin_entry_modal.cpp,B,spdlog/fmt/json via shim,,
src/ui/ui_pin_utils.cpp,B,spdlog/fmt/json via shim,,
src/ui/ui_plugin_install_modal.cpp,B,spdlog/fmt/json via shim,,
src/ui/ui_position_utils.cpp,A,,,
src/ui/ui_pre_print_options_renderer.cpp,B,spdlog/fmt/json via shim,,
src/ui/ui_print_cancel_modal.cpp,A,,,
src/ui/ui_print_exclude_object_manager.cpp,D,hv/Event.h,include/moonraker_client.h,/home/pbrown/Code/Printing/helixscreen/include/moonraker_client.h:40:10: fatal error: hv/Event.h: No such file or directory
src/ui/ui_print_light_timelapse.cpp,D,hv/Event.h,include/moonraker_client.h,/home/pbrown/Code/Printing/helixscreen/include/moonraker_client.h:40:10: fatal error: hv/Event.h: No such file or directory
src/ui/ui_print_preparation_manager.cpp,D,hv/Event.h,include/moonraker_client.h,/home/pbrown/Code/Printing/helixscreen/include/moonraker_client.h:40:10: fatal error: hv/Event.h: No such file or directory
src/ui/ui_print_select_card_view.cpp,D,hv/Event.h,include/moonraker_client.h,/home/pbrown/Code/Printing/helixscreen/include/moonraker_client.h:40:10: fatal error: hv/Event.h: No such file or directory
src/ui/ui_print_select_detail_view.cpp,D,hv/Event.h,include/moonraker_client.h,/home/pbrown/Code/Printing/helixscreen/include/moonraker_client.h:40:10: fatal error: hv/Event.h: No such file or directory
src/ui/ui_print_select_file_provider.cpp,D,hv/Event.h,include/moonraker_client.h,/home/pbrown/Code/Printing/helixscreen/include/moonraker_client.h:40:10: fatal error: hv/Event.h: No such file or directory
src/ui/ui_print_select_file_sorter.cpp,A,,,
src/ui/ui_print_select_history.cpp,A,,,
src/ui/ui_print_select_list_view.cpp,D,hv/Event.h,include/moonraker_client.h,/home/pbrown/Code/Printing/helixscreen/include/moonraker_client.h:40:10: fatal error: hv/Event.h: No such file or directory
src/ui/ui_print_select_path_navigator.cpp,A,,,
src/ui/ui_print_select_usb_source.cpp,D,hv/Event.h,include/moonraker_client.h,/home/pbrown/Code/Printing/helixscreen/include/moonraker_client.h:40:10: fatal error: hv/Event.h: No such file or directory
src/ui/ui_print_start_controller.cpp,D,hv/Event.h,include/moonraker_client.h,/home/pbrown/Code/Printing/helixscreen/include/moonraker_client.h:40:10: fatal error: hv/Event.h: No such file or directory
src/ui/ui_print_tune_overlay.cpp,D,hv/Event.h,include/moonraker_client.h,/home/pbrown/Code/Printing/helixscreen/include/moonraker_client.h:40:10: fatal error: hv/Event.h: No such file or directory
src/ui/ui_printer_list_overlay.cpp,B,spdlog/fmt/json via shim,,
src/ui/ui_printer_manager_overlay.cpp,D,hv/Event.h,include/moonraker_client.h,/home/pbrown/Code/Printing/helixscreen/include/moonraker_client.h:40:10: fatal error: hv/Event.h: No such file or directory
src/ui/ui_printer_status_icon.cpp,D,hv/Event.h,include/moonraker_client.h,/home/pbrown/Code/Printing/helixscreen/include/moonraker_client.h:40:10: fatal error: hv/Event.h: No such file or directory
src/ui/ui_printer_switch_menu.cpp,B,spdlog/fmt/json via shim,,
src/ui/ui_probe_overlay.cpp,D,hv/Event.h,include/moonraker_client.h,/home/pbrown/Code/Printing/helixscreen/include/moonraker_client.h:40:10: fatal error: hv/Event.h: No such file or directory
src/ui/ui_progress_arc.cpp,B,spdlog/fmt/json via shim,,
src/ui/ui_progress_bar.cpp,C,int32_t=long on Xtensa (std::min/max/clamp arg mix),,"/home/pbrown/Code/Printing/helixscreen/src/ui/ui_progress_bar.cpp:37:27: error: no matching function for call to 'clamp(int32_t&, int, int)'"
src/ui/ui_resume_dispatch.cpp,D,hv/Event.h,include/moonraker_client.h,/home/pbrown/Code/Printing/helixscreen/include/moonraker_client.h:40:10: fatal error: hv/Event.h: No such file or directory
src/ui/ui_runout_guidance_modal.cpp,A,,,
src/ui/ui_save_z_offset_modal.cpp,A,,,
src/ui/ui_screensaver.cpp,B,spdlog/fmt/json via shim,,
src/ui/ui_settings_about.cpp,D,hv/Event.h,include/moonraker_client.h,/home/pbrown/Code/Printing/helixscreen/include/moonraker_client.h:40:10: fatal error: hv/Event.h: No such file or directory
src/ui/ui_settings_barcode_scanner.cpp,B,spdlog/fmt/json via shim,,
src/ui/ui_settings_display_sound.cpp,B,spdlog/fmt/json via shim,,
src/ui/ui_settings_fans.cpp,D,hv/Event.h,include/moonraker_client.h,/home/pbrown/Code/Printing/helixscreen/include/moonraker_client.h:40:10: fatal error: hv/Event.h: No such file or directory
src/ui/ui_settings_hardware.cpp,D,hv/Event.h,include/moonraker_client.h,/home/pbrown/Code/Printing/helixscreen/include/moonraker_client.h:40:10: fatal error: hv/Event.h: No such file or directory
src/ui/ui_settings_hardware_health.cpp,B,spdlog/fmt/json via shim,,
src/ui/ui_settings_help.cpp,B,spdlog/fmt/json via shim,,
src/ui/ui_settings_label_printer.cpp,C,missing #include <thread> (transitive include differs),,/home/pbrown/Code/Printing/helixscreen/src/ui/ui_settings_label_printer.cpp:1109:22: error: 'thread' is not a member of 'std'
src/ui/ui_settings_led.cpp,B,spdlog/fmt/json via shim,,
src/ui/ui_settings_machine_limits.cpp,D,hv/Event.h,include/moonraker_client.h,/home/pbrown/Code/Printing/helixscreen/include/moonraker_client.h:40:10: fatal error: hv/Event.h: No such file or directory
src/ui/ui_settings_macro_buttons.cpp,D,hv/Event.h,include/moonraker_client.h,/home/pbrown/Code/Printing/helixscreen/include/moonraker_client.h:40:10: fatal error: hv/Event.h: No such file or directory
src/ui/ui_settings_material_temps.cpp,D,hv/Event.h,include/moonraker_client.h,/home/pbrown/Code/Printing/helixscreen/include/moonraker_client.h:40:10: fatal error: hv/Event.h: No such file or directory
src/ui/ui_settings_plugins.cpp,B,spdlog/fmt/json via shim,,
src/ui/ui_settings_printing.cpp,D,hv/Event.h,include/moonraker_client.h,/home/pbrown/Code/Printing/helixscreen/include/moonraker_client.h:40:10: fatal error: hv/Event.h: No such file or directory
src/ui/ui_settings_safety.cpp,D,hv/Event.h,include/moonraker_client.h,/home/pbrown/Code/Printing/helixscreen/include/moonraker_client.h:40:10: fatal error: hv/Event.h: No such file or directory
src/ui/ui_settings_security.cpp,B,spdlog/fmt/json via shim,,
src/ui/ui_settings_sensors.cpp,B,spdlog/fmt/json via shim,,
src/ui/ui_settings_system.cpp,B,spdlog/fmt/json via shim,,
src/ui/ui_settings_telemetry_data.cpp,B,spdlog/fmt/json via shim,,
src/ui/ui_settings_touch.cpp,B,spdlog/fmt/json via shim,,
src/ui/ui_severity_card.cpp,B,spdlog/fmt/json via shim,,
src/ui/ui_snake_game.cpp,B,spdlog/fmt/json via shim,,
src/ui/ui_sound_preview_overlay.cpp,B,spdlog/fmt/json via shim,,
src/ui/ui_spinner.cpp,B,spdlog/fmt/json via shim,,
src/ui/ui_split_button.cpp,B,spdlog/fmt/json via shim,,
src/ui/ui_spool_canvas.cpp,B,spdlog/fmt/json via shim,,
src/ui/ui_spool_drawing.cpp,A,,,
src/ui/ui_spool_wizard.cpp,D,hv/Event.h,include/moonraker_client.h,/home/pbrown/Code/Printing/helixscreen/include/moonraker_client.h:40:10: fatal error: hv/Event.h: No such file or directory
src/ui/ui_spoolman_context_menu.cpp,B,spdlog/fmt/json via shim,,
src/ui/ui_spoolman_edit_modal.cpp,D,hv/Event.h,include/moonraker_client.h,/home/pbrown/Code/Printing/helixscreen/include/moonraker_client.h:40:10: fatal error: hv/Event.h: No such file or directory
src/ui/ui_spoolman_list_view.cpp,B,spdlog/fmt/json via shim,,
src/ui/ui_spoolman_overlay.cpp,D,hv/Event.h,include/moonraker_client.h,/home/pbrown/Code/Printing/helixscreen/include/moonraker_client.h:40:10: fatal error: hv/Event.h: No such file or directory
src/ui/ui_spoolman_setup.cpp,A,,,
src/ui/ui_status_pill.cpp,B,spdlog/fmt/json via shim,,
src/ui/ui_step_progress.cpp,B,spdlog/fmt/json via shim,,
src/ui/ui_subscription_guard.cpp,D,hv/Event.h,include/moonraker_client.h,/home/pbrown/Code/Printing/helixscreen/include/moonraker_client.h:40:10: fatal error: hv/Event.h: No such file or directory
src/ui/ui_swatch.cpp,A,,,
src/ui/ui_switch.cpp,B,spdlog/fmt/json via shim,,
src/ui/ui_system_path_canvas.cpp,B,spdlog/fmt/json via shim,,
src/ui/ui_temp_display.cpp,B,spdlog/fmt/json via shim,,
src/ui/ui_temp_graph.cpp,B,spdlog/fmt/json via shim,,
src/ui/ui_temperature_utils.cpp,B,spdlog/fmt/json via shim,,
src/ui/ui_text.cpp,B,spdlog/fmt/json via shim,,
src/ui/ui_text_input.cpp,B,spdlog/fmt/json via shim,,
src/ui/ui_theme_editor_overlay.cpp,B,spdlog/fmt/json via shim,,
src/ui/ui_toast_manager.cpp,B,spdlog/fmt/json via shim,,
src/ui/ui_touch_calibration_overlay.cpp,B,spdlog/fmt/json via shim,,
src/ui/ui_utils.cpp,A,,,
src/ui/ui_variant.cpp,B,spdlog/fmt/json via shim,,
src/ui/ui_widget_catalog_overlay.cpp,C,rtti (CONFIG_COMPILER_CXX_RTTI=y flips this),include/panel_widget_manager.h,/home/pbrown/Code/Printing/helixscreen/include/panel_widget_manager.h:40:51: error: cannot use 'typeid' with '-fno-rtti'
src/ui/ui_wizard.cpp,D,hv/Event.h,include/moonraker_client.h,/home/pbrown/Code/Printing/helixscreen/include/moonraker_client.h:40:10: fatal error: hv/Event.h: No such file or directory
src/ui/ui_wizard_ams_identify.cpp,B,spdlog/fmt/json via shim,,
src/ui/ui_wizard_connection.cpp,D,hv/Event.h,include/moonraker_client.h,/home/pbrown/Code/Printing/helixscreen/include/moonraker_client.h:40:10: fatal error: hv/Event.h: No such file or directory
src/ui/ui_wizard_fan_select.cpp,D,hv/Event.h,include/moonraker_client.h,/home/pbrown/Code/Printing/helixscreen/include/moonraker_client.h:40:10: fatal error: hv/Event.h: No such file or directory
src/ui/ui_wizard_filament_sensor_select.cpp,D,hv/Event.h,include/moonraker_client.h,/home/pbrown/Code/Printing/helixscreen/include/moonraker_client.h:40:10: fatal error: hv/Event.h: No such file or directory
src/ui/ui_wizard_hardware_selector.cpp,D,hv/Event.h,include/moonraker_client.h,/home/pbrown/Code/Printing/helixscreen/include/moonraker_client.h:40:10: fatal error: hv/Event.h: No such file or directory
src/ui/ui_wizard_heater_select.cpp,D,hv/Event.h,include/moonraker_client.h,/home/pbrown/Code/Printing/helixscreen/include/moonraker_client.h:40:10: fatal error: hv/Event.h: No such file or directory
src/ui/ui_wizard_helpers.cpp,B,spdlog/fmt/json via shim,,
src/ui/ui_wizard_input_shaper.cpp,D,hv/Event.h,include/moonraker_client.h,/home/pbrown/Code/Printing/helixscreen/include/moonraker_client.h:40:10: fatal error: hv/Event.h: No such file or directory
src/ui/ui_wizard_language_chooser.cpp,B,spdlog/fmt/json via shim,,
src/ui/ui_wizard_led_select.cpp,D,hv/Event.h,include/moonraker_client.h,/home/pbrown/Code/Printing/helixscreen/include/moonraker_client.h:40:10: fatal error: hv/Event.h: No such file or directory
src/ui/ui_wizard_printer_identify.cpp,D,hv/Event.h,include/moonraker_client.h,/home/pbrown/Code/Printing/helixscreen/include/moonraker_client.h:40:10: fatal error: hv/Event.h: No such file or directory
src/ui/ui_wizard_summary.cpp,B,spdlog/fmt/json via shim,,
src/ui/ui_wizard_telemetry.cpp,B,spdlog/fmt/json via shim,,
src/ui/ui_wizard_touch_calibration.cpp,B,spdlog/fmt/json via shim,,
src/ui/ui_wizard_wifi.cpp,B,spdlog/fmt/json via shim,,
src/ui/ui_z_offset_indicator.cpp,B,spdlog/fmt/json via shim,,
src/ui/upgrade_banner.cpp,D,hv/Event.h,include/moonraker_client.h,/home/pbrown/Code/Printing/helixscreen/include/moonraker_client.h:40:10: fatal error: hv/Event.h: No such file or directory
src/ui/widgets/favorite_macro_config.cpp,B,spdlog/fmt/json via shim,,
src/ui/widgets/favorite_macro_widget.cpp,D,hv/Event.h,include/moonraker_client.h,/home/pbrown/Code/Printing/helixscreen/include/moonraker_client.h:40:10: fatal error: hv/Event.h: No such file or directory
src/ui/widgets/power_device_widget.cpp,D,hv/Event.h,include/moonraker_client.h,/home/pbrown/Code/Printing/helixscreen/include/moonraker_client.h:40:10: fatal error: hv/Event.h: No such file or directory
src/ui/wizard_step_registry.cpp,A,,,
src/ui/wizard_validation.cpp,A,,,
src/ui/z_offset_utils.cpp,D,hv/Event.h,include/moonraker_client.h,/home/pbrown/Code/Printing/helixscreen/include/moonraker_client.h:40:10: fatal error: hv/Event.h: No such file or directory
